ID,score
1,10.0
2,7.0
3,8.9
4,9.8
5,9.2
6,9.3
7,8.8
8,8.6
9,9.0
10,9.4
11,9.9
12,8.7
13,9.0
14,8.1
15,8.4
16,8.8
17,10.0
18,8.6
19,9.6
20,9.4
21,9.0
22,8.8
23,9.9
24,9.3
25,9.0
26,9.4
27,10.0
28,8.5
29,9.0
30,9.1
31,9.6
32,10.0
33,8.8
34,9.2
35,8.7
36,9.6
37,10.0
38,6.9
39,8.6
40,9.1
41,9.9
42,10.0
43,8.9
44,10.0
45,10.0
46,8.5
47,10.0
48,8.3
49,9.3
50,8.8
51,8.8
52,8.4
53,8.7
54,9.6
55,9.4
56,8.6
57,8.5
58,9.1
59,8.9
60,9.4
61,9.0
62,9.0
63,8.8
64,10.0
65,9.8
66,9.6
67,9.3
68,8.1
69,7.8
70,9.5
71,10.0
72,8.2
73,9.6
74,8.8
75,8.5
76,10.0
77,10.0
78,10.0
79,10.0
80,8.8
81,10.0
82,9.5
83,9.0
84,10.0
85,5.9
86,10.0
87,8.7
88,9.4
89,8.8
90,9.0
91,9.8
92,10.0
93,9.3
94,8.8
95,9.5
96,7.4
97,8.8
98,9.4
99,8.3
100,9.7
101,9.6
102,10.0
103,8.8
104,9.6
105,8.4
106,8.6
107,9.6
108,7.5
109,9.9
110,7.2
111,9.2
112,9.5
113,10.0
114,9.3
115,10.0
116,10.0
117,10.0
118,10.0
119,10.0
120,8.9
121,9.7
122,9.4
123,8.1
124,9.0
125,7.7
126,8.7
127,8.6
128,9.1
129,9.7
130,9.2
131,8.6
132,7.2
133,7.9
134,9.0
135,10.0
136,8.2
137,9.8
138,9.5
139,8.6
140,10.0
141,9.0
142,8.4
143,9.0
144,8.9
145,9.7
146,8.5
147,9.4
148,9.7
149,9.0
150,9.8
151,9.7
152,9.3
153,8.2
154,9.1
155,10.0
156,9.3
157,10.0
158,9.4
159,10.0
160,10.0
161,9.2
162,9.1
163,7.9
164,8.8
165,8.5
166,10.0
167,9.8
168,10.0
169,10.0
170,10.0
171,9.3
172,10.0
173,10.0
174,8.3
175,9.5
176,10.0
177,9.9
178,9.4
179,8.5
180,9.0
181,9.4
182,7.9
183,10.0
184,7.8
185,8.4
186,9.0
187,9.3
188,8.3
189,8.6
190,9.7
191,10.0
192,9.4
193,9.4
194,8.3
195,8.4
196,8.7
197,9.9
198,7.1
199,9.0
200,9.1
201,10.0
202,8.6
203,9.0
204,8.6
205,9.0
206,8.9
207,10.0
208,9.1
209,10.0
210,10.0
211,8.8
212,9.3
213,9.3
214,7.9
215,8.8
216,9.5
217,8.9
218,9.7
219,8.2
220,8.9
221,8.3
222,7.9
223,9.2
224,9.5
225,9.6
226,8.9
227,8.7
228,9.0
229,7.1
230,8.4
231,9.1
232,9.5
233,9.5
234,10.0
235,8.9
236,10.0
237,8.0
238,10.0
239,9.4
240,10.0
241,8.0
242,10.0
243,9.6
244,9.2
245,8.9
246,9.1
247,9.4
248,9.7
249,9.6
250,10.0
251,8.6
252,8.1
253,9.9
254,10.0
255,9.0
256,10.0
257,9.0
258,10.0
259,8.0
260,9.1
261,8.5
262,8.8
263,9.5
264,8.8
265,9.5
266,8.3
267,8.1
268,8.4
269,9.0
270,9.0
271,8.8
272,9.5
273,9.4
274,9.3
275,10.0
276,7.8
277,9.7
278,9.4
279,7.9
280,9.4
281,8.1
282,8.5
283,10.0
284,9.0
285,7.9
286,9.3
287,9.0
288,8.6
289,8.6
290,8.8
291,8.4
292,7.7
293,8.9
294,9.8
295,9.0
296,10.0
297,8.6
298,9.6
299,8.2
300,9.0
301,9.0
302,10.0
303,8.8
304,9.1
305,8.7
306,9.8
307,9.8
308,9.4
309,8.5
310,9.6
311,9.5
312,8.7
313,8.8
314,9.2
315,9.6
316,9.2
317,9.1
318,9.8
319,7.9
320,9.5
321,9.2
322,9.4
323,9.3
324,8.5
325,10.0
326,10.0
327,9.3
328,9.3
329,9.0
330,10.0
331,9.2
332,8.7
333,9.0
334,9.0
335,10.0
336,8.2
337,8.4
338,10.0
339,9.9
340,9.3
341,9.9
342,9.2
343,8.8
344,10.0
345,9.4
346,8.4
347,8.9
348,8.4
349,10.0
350,8.9
351,8.8
352,8.6
353,8.0
354,9.5
355,9.6
356,10.0
357,9.2
358,8.4
359,10.0
360,10.0
361,8.9
362,10.0
363,8.2
364,8.1
365,8.0
366,10.0
367,7.7
368,10.0
369,8.8
370,10.0
371,9.2
372,9.7
373,9.1
374,9.2
375,8.7
376,9.0
377,10.0
378,8.5
379,10.0
380,9.5
381,8.3
382,10.0
383,8.9
384,10.0
385,8.6
386,9.6
387,10.0
388,8.6
389,10.0
390,7.7
391,9.8
392,9.4
393,8.6
394,8.9
395,9.6
396,8.1
397,10.0
398,8.4
399,9.9
400,9.5
401,9.1
402,9.4
403,9.8
404,8.2
405,6.3
406,7.5
407,9.9
408,10.0
409,9.2
410,9.5
411,9.9
412,10.0
413,9.9
414,8.8
415,8.4
416,9.1
417,10.0
418,9.9
419,9.4
420,10.0
421,8.8
422,8.0
423,9.7
424,9.8
425,9.1
426,10.0
427,8.6
428,9.5
429,9.8
430,8.5
431,8.8
432,10.0
433,8.4
434,7.3
435,8.8
436,8.7
437,10.0
438,10.0
439,8.1
440,8.9
441,9.0
442,10.0
443,9.8
444,10.0
445,7.1
446,7.4
447,9.0
448,8.6
449,9.5
450,8.6
451,9.4
452,9.3
453,8.7
454,8.8
455,8.5
456,8.7
457,7.8
458,8.3
459,8.7
460,8.5
461,8.5
462,8.7
463,9.1
464,9.4
465,9.5
466,10.0
467,8.8
468,8.9
469,10.0
470,10.0
471,9.6
472,9.2
473,6.5
474,8.4
475,8.7
476,9.6
477,9.0
478,9.1
479,8.6
480,8.9
481,8.9
482,9.1
483,9.0
484,10.0
485,9.0
486,8.6
487,9.2
488,9.9
489,10.0
490,9.6
491,7.9
492,9.0
493,8.0
494,9.7
495,9.3
496,9.5
497,8.5
498,9.9
499,8.4
500,9.7
501,9.2
502,8.3
503,8.5
504,8.3
505,8.5
506,9.3
507,8.9
508,8.5
509,10.0
510,8.9
511,8.6
512,9.5
513,8.8
514,8.3
515,9.9
516,8.3
517,9.1
518,9.0
519,9.3
520,8.2
521,10.0
522,9.5
523,7.1
524,10.0
525,10.0
526,9.4
527,8.4
528,7.5
529,8.4
530,10.0
531,10.0
532,9.4
533,10.0
534,8.8
535,8.2
536,9.8
537,8.5
538,9.4
539,9.6
540,9.8
541,7.5
542,9.4
543,9.1
544,9.1
545,8.2
546,8.7
547,8.2
548,10.0
549,8.6
550,9.4
551,9.6
552,9.7
553,10.0
554,7.3
555,9.8
556,8.1
557,8.7
558,9.1
559,7.9
560,8.5
561,10.0
562,7.8
563,8.3
564,9.5
565,6.3
566,8.3
567,10.0
568,6.7
569,8.3
570,9.8
571,8.5
572,8.1
573,9.4
574,10.0
575,8.6
576,10.0
577,8.8
578,9.9
579,7.2
580,8.4
581,9.7
582,10.0
583,9.6
584,9.2
585,10.0
586,10.0
587,9.5
588,7.4
589,8.9
590,9.5
591,10.0
592,9.6
593,9.2
594,10.0
595,8.9
596,9.9
597,8.5
598,8.9
599,10.0
600,9.5
601,9.6
602,8.4
603,9.0
604,9.2
605,7.5
606,8.3
607,8.9
608,8.9
609,8.9
610,9.6
611,9.5
612,9.1
613,9.2
614,8.3
615,7.9
616,9.2
617,8.3
618,8.9
619,9.1
620,8.8
621,8.2
622,8.8
623,9.4
624,9.8
625,9.3
626,9.4
627,8.4
628,9.6
629,10.0
630,7.7
631,7.5
632,8.2
633,9.1
634,9.8
635,9.4
636,10.0
637,8.2
638,10.0
639,10.0
640,8.9
641,8.3
642,10.0
643,8.8
644,8.8
645,8.7
646,8.5
647,10.0
648,8.7
649,8.5
650,8.9
651,8.5
652,9.3
653,9.4
654,9.2
655,10.0
656,10.0
657,7.2
658,9.3
659,10.0
660,9.7
661,8.4
662,10.0
663,8.8
664,9.5
665,9.1
666,8.2
667,9.9
668,8.1
669,10.0
670,8.2
671,5.0
672,8.1
673,9.4
674,9.3
675,9.1
676,9.8
677,8.8
678,9.0
679,7.9
680,8.7
681,8.2
682,8.3
683,10.0
684,8.4
685,8.2
686,9.1
687,7.0
688,10.0
689,8.2
690,10.0
691,9.8
692,10.0
693,8.8
694,9.4
695,10.0
696,10.0
697,8.5
698,9.3
699,9.4
700,9.0
701,9.4
702,8.5
703,9.1
704,8.8
705,9.0
706,8.7
707,8.3
708,8.8
709,9.6
710,9.4
711,8.6
712,8.6
713,10.0
714,10.0
715,7.5
716,9.2
717,7.4
718,8.7
719,8.9
720,9.6
721,10.0
722,10.0
723,8.6
724,8.1
725,8.5
726,9.3
727,9.2
728,9.4
729,9.4
730,9.5
731,8.1
732,10.0
733,7.6
734,9.2
735,9.3
736,7.6
737,8.1
738,8.4
739,8.2
740,10.0
741,7.7
742,8.8
743,10.0
744,10.0
745,8.8
746,9.2
747,10.0
748,8.5
749,9.6
750,9.6
751,8.8
752,8.5
753,10.0
754,8.5
755,8.1
756,9.7
757,8.7
758,8.2
759,10.0
760,8.7
761,8.2
762,8.3
763,7.9
764,10.0
765,7.6
766,8.5
767,9.1
768,8.6
769,8.5
770,9.1
771,9.0
772,9.3
773,9.0
774,10.0
775,9.7
776,8.5
777,8.7
778,7.5
779,10.0
780,9.8
781,7.8
782,9.2
783,7.3
784,8.7
785,9.4
786,8.3
787,8.6
788,10.0
789,8.9
790,9.6
791,8.2
792,9.0
793,9.1
794,10.0
795,9.2
796,9.0
797,8.4
798,8.5
799,8.2
800,10.0
801,9.4
802,10.0
803,8.2
804,10.0
805,8.9
806,8.6
807,10.0
808,8.5
809,7.0
810,8.8
811,7.9
812,8.6
813,8.9
814,9.0
815,9.2
816,5.9
817,10.0
818,8.1
819,9.6
820,8.6
821,10.0
822,7.8
823,8.5
824,9.6
825,8.7
826,8.2
827,7.8
828,10.0
829,8.8
830,9.9
831,8.4
832,9.1
833,7.7
834,10.0
835,9.7
836,9.4
837,7.6
838,8.6
839,7.6
840,9.0
841,9.0
842,9.3
843,9.5
844,9.8
845,8.6
846,9.0
847,9.7
848,8.9
849,9.6
850,10.0
851,9.1
852,8.8
853,10.0
854,8.8
855,9.2
856,9.2
857,10.0
858,8.6
859,7.2
860,8.4
861,10.0
862,8.7
863,10.0
864,7.4
865,9.3
866,7.8
867,10.0
868,10.0
869,8.6
870,9.4
871,7.9
872,10.0
873,9.3
874,8.3
875,8.9
876,8.7
877,8.2
878,9.4
879,7.3
880,10.0
881,8.4
882,8.3
883,10.0
884,8.2
885,8.9
886,10.0
887,8.9
888,9.2
889,8.2
890,10.0
891,8.9
892,7.6
893,8.6
894,9.0
895,9.8
896,8.2
897,8.5
898,9.0
899,8.2
900,8.5
901,10.0
902,10.0
903,10.0
904,9.0
905,9.4
906,9.7
907,8.2
908,9.3
909,9.3
910,9.0
911,9.0
912,9.2
913,9.1
914,9.7
915,9.1
916,8.4
917,9.1
918,9.4
919,8.6
920,10.0
921,5.4
922,7.4
923,7.1
924,9.9
925,9.6
926,9.0
927,9.9
928,10.0
929,9.5
930,9.8
931,9.2
932,9.2
933,10.0
934,10.0
935,8.5
936,7.4
937,8.4
938,9.6
939,10.0
940,8.0
941,7.4
942,9.3
943,9.0
944,10.0
945,9.8
946,8.5
947,9.8
948,10.0
949,8.7
950,8.8
951,8.1
952,8.8
953,9.3
954,10.0
955,10.0
956,8.4
957,9.6
958,10.0
959,9.2
960,9.0
961,10.0
962,9.2
963,9.2
964,8.7
965,10.0
966,10.0
967,9.9
968,10.0
969,8.7
970,8.8
971,10.0
972,9.5
973,8.6
974,9.5
975,9.3
976,8.4
977,8.8
978,9.2
979,10.0
980,9.1
981,9.8
982,9.8
983,9.4
984,10.0
985,9.1
986,8.4
987,9.9
988,8.5
989,10.0
990,8.6
991,9.0
992,9.0
993,10.0
994,9.2
995,9.3
996,10.0
997,10.0
998,9.5
999,9.7
1000,8.4
1001,9.4
1002,7.7
1003,9.3
1004,9.3
1005,9.0
1006,9.0
1007,10.0
1008,7.7
1009,9.0
1010,9.0
1011,7.5
1012,9.0
1013,9.2
1014,9.6
1015,8.9
1016,9.1
1017,9.3
1018,8.0
1019,7.6
1020,9.1
1021,9.7
1022,8.5
1023,10.0
1024,9.9
1025,8.5
1026,9.1
1027,9.2
1028,8.6
1029,8.9
1030,8.5
1031,10.0
1032,10.0
1033,8.7
1034,9.8
1035,9.2
1036,8.1
1037,8.4
1038,8.7
1039,10.0
1040,10.0
1041,10.0
1042,7.9
1043,8.8
1044,7.9
1045,9.0
1046,7.5
1047,10.0
1048,8.9
1049,8.8
1050,9.8
1051,10.0
1052,8.0
1053,9.9
1054,8.5
1055,9.8
1056,10.0
1057,9.4
1058,10.0
1059,9.3
1060,10.0
1061,9.3
1062,9.7
1063,10.0
1064,9.2
1065,8.1
1066,8.8
1067,9.7
1068,10.0
1069,9.0
1070,9.6
1071,8.8
1072,10.0
1073,9.6
1074,10.0
1075,9.8
1076,8.5
1077,8.6
1078,7.9
1079,10.0
1080,8.8
1081,9.9
1082,8.2
1083,9.0
1084,9.9
1085,9.6
1086,8.5
1087,8.9
1088,9.6
1089,10.0
1090,7.7
1091,8.7
1092,9.1
1093,8.9
1094,8.7
1095,9.7
1096,7.5
1097,9.1
1098,10.0
1099,9.0
1100,8.9
1101,9.0
1102,10.0
1103,8.6
1104,10.0
1105,8.9
1106,6.8
1107,8.6
1108,9.2
1109,8.9
1110,9.4
1111,10.0
1112,10.0
1113,9.2
1114,8.9
1115,9.2
1116,9.9
1117,8.9
1118,9.8
1119,8.8
1120,9.5
1121,9.3
1122,10.0
1123,7.5
1124,9.2
1125,9.4
1126,8.4
1127,8.7
1128,8.3
1129,9.4
1130,8.5
1131,9.4
1132,8.9
1133,9.1
1134,10.0
1135,9.1
1136,10.0
1137,8.5
1138,9.4
1139,9.3
1140,10.0
1141,9.0
1142,9.0
1143,8.9
1144,9.4
1145,8.7
1146,9.2
1147,8.3
1148,8.9
1149,8.6
1150,9.0
1151,9.7
1152,9.6
1153,9.2
1154,8.4
1155,8.1
1156,8.4
1157,9.2
1158,9.4
1159,7.8
1160,7.1
1161,8.0
1162,9.7
1163,8.1
1164,9.2
1165,10.0
1166,8.5
1167,10.0
1168,9.7
1169,9.2
1170,9.2
1171,9.5
1172,9.3
1173,8.5
1174,10.0
1175,9.5
1176,8.7
1177,8.9
1178,8.4
1179,7.4
1180,9.0
1181,10.0
1182,8.3
1183,9.2
1184,9.5
1185,9.0
1186,9.5
1187,10.0
1188,9.0
1189,9.7
1190,8.3
1191,10.0
1192,8.0
1193,9.9
1194,9.2
1195,9.8
1196,9.6
1197,8.5
1198,10.0
1199,10.0
1200,9.8
1201,9.0
1202,8.5
1203,8.4
1204,7.4
1205,10.0
1206,10.0
1207,9.2
1208,9.2
1209,8.8
1210,9.4
1211,7.6
1212,8.8
1213,8.8
1214,10.0
1215,10.0
1216,9.2
1217,8.8
1218,7.7
1219,7.3
1220,9.5
1221,9.3
1222,10.0
1223,7.8
1224,8.4
1225,8.9
1226,8.5
1227,9.4
1228,7.6
1229,8.5
1230,8.0
1231,8.8
1232,10.0
1233,10.0
1234,8.5
1235,7.2
1236,10.0
1237,9.5
1238,9.4
1239,8.5
1240,10.0
1241,9.0
1242,9.4
1243,8.4
1244,9.8
1245,9.2
1246,9.5
1247,8.3
1248,9.5
1249,10.0
1250,6.3
1251,8.8
1252,9.9
1253,8.4
1254,10.0
1255,9.1
1256,10.0
1257,9.0
1258,9.3
1259,8.1
1260,7.5
1261,9.6
1262,9.3
1263,7.9
1264,8.2
1265,10.0
1266,8.1
1267,9.7
1268,7.8
1269,9.3
1270,7.2
1271,9.9
1272,9.8
1273,10.0
1274,7.9
1275,9.8
1276,8.7
1277,8.8
1278,4.4
1279,7.8
1280,9.6
1281,7.3
1282,8.4
1283,9.1
1284,10.0
1285,10.0
1286,9.5
1287,9.5
1288,8.9
1289,8.2
1290,8.5
1291,8.8
1292,9.2
1293,10.0
1294,9.0
1295,10.0
1296,9.3
1297,10.0
1298,10.0
1299,9.7
1300,9.3
1301,9.9
1302,8.7
1303,10.0
1304,10.0
1305,9.1
1306,7.7
1307,9.1
1308,9.0
1309,8.6
1310,8.7
1311,8.7
1312,9.2
1313,10.0
1314,10.0
1315,9.8
1316,10.0
1317,7.7
1318,9.4
1319,9.2
1320,9.3
1321,8.9
1322,8.8
1323,9.3
1324,8.4
1325,9.1
1326,7.6
1327,9.2
1328,10.0
1329,8.3
1330,8.6
1331,10.0
1332,7.0
1333,8.3
1334,8.6
1335,8.2
1336,8.5
1337,9.4
1338,8.3
1339,8.4
1340,8.8
1341,9.6
1342,8.9
1343,9.2
1344,7.6
1345,10.0
1346,10.0
1347,10.0
1348,8.6
1349,9.9
1350,8.7
1351,10.0
1352,8.9
1353,9.0
1354,9.3
1355,9.4
1356,8.7
1357,9.8
1358,9.8
1359,8.7
1360,9.3
1361,9.6
1362,9.2
1363,10.0
1364,10.0
1365,10.0
1366,8.2
1367,9.7
1368,8.5
1369,8.8
1370,8.3
1371,9.0
1372,9.4
1373,9.0
1374,8.8
1375,8.9
1376,9.0
1377,8.8
1378,8.2
1379,9.3
1380,9.3
1381,7.9
1382,8.2
1383,9.0
1384,9.0
1385,8.3
1386,9.0
1387,10.0
1388,9.6
1389,10.0
1390,8.9
1391,9.0
1392,8.6
1393,8.6
1394,9.9
1395,8.1
1396,10.0
1397,9.4
1398,8.7
1399,10.0
1400,9.2
1401,8.1
1402,8.9
1403,6.7
1404,7.9
1405,8.7
1406,10.0
1407,8.2
1408,9.1
1409,8.3
1410,9.6
1411,9.6
1412,5.7
1413,8.8
1414,9.3
1415,8.5
1416,9.1
1417,10.0
1418,8.9
1419,9.0
1420,8.9
1421,9.3
1422,10.0
1423,9.0
1424,10.0
1425,8.8
1426,8.8
1427,7.7
1428,8.4
1429,7.5
1430,7.9
1431,10.0
1432,9.4
1433,8.8
1434,9.3
1435,9.5
1436,9.7
1437,8.4
1438,9.4
1439,9.0
1440,8.5
1441,8.6
1442,9.6
1443,9.3
1444,10.0
1445,9.4
1446,8.9
1447,8.9
1448,8.7
1449,9.4
1450,10.0
1451,9.3
1452,10.0
1453,9.0
1454,9.5
1455,8.8
1456,9.5
1457,9.4
1458,10.0
1459,8.9
1460,8.9
1461,9.2
1462,8.4
1463,9.6
1464,9.0
1465,9.3
1466,7.6
1467,9.3
1468,8.2
1469,9.3
1470,9.7
1471,8.6
1472,7.3
1473,8.0
1474,9.4
1475,8.4
1476,8.3
1477,8.9
1478,10.0
1479,8.4
1480,9.8
1481,8.7
1482,8.9
1483,9.8
1484,10.0
1485,8.8
1486,6.7
1487,8.2
1488,7.9
1489,10.0
1490,9.8
1491,8.0
1492,8.4
1493,9.9
1494,9.8
1495,9.5
1496,9.4
1497,9.1
1498,8.9
1499,9.7
1500,9.9
1501,9.4
1502,8.7
1503,8.3
1504,10.0
1505,9.2
1506,9.2
1507,10.0
1508,9.1
1509,9.3
1510,8.4
1511,9.1
1512,9.5
1513,9.4
1514,9.6
1515,9.3
1516,8.8
1517,7.5
1518,10.0
1519,8.4
1520,10.0
1521,9.2
1522,10.0
1523,8.9
1524,9.0
1525,7.7
1526,9.5
1527,10.0
1528,9.4
1529,9.5
1530,10.0
1531,9.7
1532,8.8
1533,6.8
1534,8.1
1535,8.6
1536,9.9
1537,10.0
1538,9.5
1539,10.0
1540,7.2
1541,8.9
1542,10.0
1543,8.5
1544,9.2
1545,10.0
1546,9.2
1547,8.5
1548,10.0
1549,8.2
1550,9.6
1551,7.5
1552,9.0
1553,9.6
1554,10.0
1555,9.9
1556,9.3
1557,9.7
1558,8.7
1559,8.2
1560,9.0
1561,9.5
1562,8.9
1563,10.0
1564,9.6
1565,8.0
1566,8.3
1567,9.6
1568,9.1
1569,9.5
1570,9.0
1571,7.8
1572,8.3
1573,6.5
1574,9.6
1575,9.7
1576,8.4
1577,9.9
1578,6.8
1579,9.7
1580,8.1
1581,8.7
1582,10.0
1583,9.4
1584,7.6
1585,9.3
1586,8.7
1587,9.5
1588,10.0
1589,8.5
1590,9.3
1591,9.2
1592,8.2
1593,9.8
1594,7.8
1595,10.0
1596,10.0
1597,9.5
1598,9.6
1599,10.0
1600,8.7
1601,8.5
1602,9.3
1603,8.7
1604,8.4
1605,8.2
1606,9.0
1607,8.3
1608,9.3
1609,9.1
1610,8.6
1611,8.8
1612,9.0
1613,8.4
1614,9.9
1615,8.8
1616,9.9
1617,7.1
1618,8.4
1619,9.8
1620,8.8
1621,9.8
1622,8.7
1623,10.0
1624,9.1
1625,9.1
1626,9.4
1627,8.5
1628,9.5
1629,9.6
1630,10.0
1631,9.2
1632,0.0
1633,10.0
1634,8.0
1635,10.0
1636,8.4
1637,8.9
1638,9.1
1639,9.3
1640,10.0
1641,8.8
1642,8.0
1643,9.8
1644,9.6
1645,9.1
1646,8.5
1647,9.5
1648,8.7
1649,10.0
1650,9.2
1651,8.3
1652,10.0
1653,8.6
1654,9.7
1655,9.9
1656,9.9
1657,9.4
1658,8.0
1659,9.1
1660,9.4
1661,8.0
1662,9.5
1663,8.6
1664,9.3
1665,8.0
1666,8.4
1667,9.3
1668,7.7
1669,10.0
1670,9.1
1671,9.5
1672,8.9
1673,9.9
1674,7.4
1675,10.0
1676,8.3
1677,9.5
1678,7.8
1679,10.0
1680,8.1
1681,9.5
1682,8.6
1683,9.0
1684,8.6
1685,8.9
1686,8.7
1687,8.5
1688,8.8
1689,9.1
1690,9.5
1691,8.8
1692,8.7
1693,7.7
1694,7.7
1695,8.2
1696,10.0
1697,8.5
1698,10.0
1699,8.8
1700,9.1
1701,9.5
1702,8.8
1703,7.5
1704,8.6
1705,9.1
1706,10.0
1707,10.0
1708,9.6
1709,9.2
1710,8.6
1711,8.7
1712,9.4
1713,8.5
1714,10.0
1715,8.9
1716,9.1
1717,9.1
1718,10.0
1719,9.4
1720,10.0
1721,8.3
1722,9.0
1723,8.4
1724,9.8
1725,9.5
1726,9.4
1727,10.0
1728,9.1
1729,8.8
1730,9.4
1731,8.6
1732,9.6
1733,9.7
1734,9.1
1735,9.4
1736,10.0
1737,8.3
1738,9.9
1739,9.1
1740,7.4
1741,10.0
1742,8.0
1743,9.3
1744,8.2
1745,10.0
1746,8.8
1747,9.5
1748,8.2
1749,9.8
1750,9.5
1751,7.0
1752,8.3
1753,8.1
1754,7.8
1755,9.4
1756,9.0
1757,8.5
1758,10.0
1759,8.4
1760,10.0
1761,9.3
1762,8.8
1763,10.0
1764,8.5
1765,8.5
1766,8.2
1767,8.4
1768,10.0
1769,10.0
1770,9.1
1771,8.2
1772,9.4
1773,10.0
1774,8.3
1775,9.6
1776,9.8
1777,8.3
1778,10.0
1779,9.5
1780,9.3
1781,10.0
1782,6.3
1783,8.8
1784,9.4
1785,9.6
1786,6.7
1787,8.7
1788,9.8
1789,8.3
1790,8.3
1791,8.8
1792,10.0
1793,8.6
1794,9.8
1795,5.9
1796,9.2
1797,10.0
1798,9.1
1799,9.1
1800,9.8
1801,8.4
1802,9.2
1803,10.0
1804,10.0
1805,9.6
1806,9.1
1807,9.5
1808,7.5
1809,8.7
1810,8.8
1811,9.3
1812,8.4
1813,7.9
1814,9.9
1815,7.3
1816,8.7
1817,9.5
1818,9.0
1819,10.0
1820,7.9
1821,7.6
1822,9.4
1823,9.1
1824,8.3
1825,10.0
1826,9.9
1827,9.3
1828,8.2
1829,9.0
1830,10.0
1831,9.2
1832,8.5
1833,8.8
1834,9.5
1835,9.6
1836,8.7
1837,8.2
1838,10.0
1839,8.9
1840,6.9
1841,10.0
1842,10.0
1843,8.0
1844,10.0
1845,9.3
1846,9.0
1847,9.1
1848,10.0
1849,8.1
1850,9.5
1851,9.5
1852,8.1
1853,8.3
1854,7.7
1855,10.0
1856,9.4
1857,7.4
1858,9.2
1859,9.5
1860,9.3
1861,9.0
1862,10.0
1863,8.7
1864,9.1
1865,9.4
1866,9.4
1867,10.0
1868,9.1
1869,9.9
1870,9.2
1871,9.0
1872,7.9
1873,10.0
1874,8.4
1875,8.1
1876,9.3
1877,10.0
1878,7.8
1879,10.0
1880,8.8
1881,8.3
1882,7.7
1883,8.8
1884,9.0
1885,9.6
1886,9.2
1887,9.2
1888,9.8
1889,8.0
1890,9.8
1891,9.4
1892,9.3
1893,9.4
1894,8.4
1895,10.0
1896,8.0
1897,7.0
1898,10.0
1899,10.0
1900,8.7
1901,9.4
1902,9.8
1903,7.5
1904,9.4
1905,10.0
1906,9.4
1907,8.0
1908,8.8
1909,8.7
1910,10.0
1911,9.1
1912,8.9
1913,8.6
1914,9.2
1915,8.3
1916,10.0
1917,10.0
1918,7.6
1919,7.8
1920,10.0
1921,9.7
1922,9.9
1923,9.7
1924,10.0
1925,8.7
1926,9.4
1927,10.0
1928,9.0
1929,9.6
1930,8.0
1931,8.8
1932,6.8
1933,8.0
1934,7.0
1935,9.0
1936,7.4
1937,10.0
1938,10.0
1939,9.6
1940,9.8
1941,8.0
1942,9.0
1943,8.8
1944,10.0
1945,8.2
1946,9.0
1947,9.0
1948,9.4
1949,9.5
1950,10.0
1951,8.0
1952,8.4
1953,9.6
1954,9.6
1955,10.0
1956,9.1
1957,9.6
1958,10.0
1959,10.0
1960,9.6
1961,6.5
1962,8.1
1963,9.2
1964,10.0
1965,9.3
1966,8.4
1967,10.0
1968,7.9
1969,8.5
1970,9.5
1971,9.2
1972,9.2
1973,9.6
1974,10.0
1975,8.4
1976,8.9
1977,10.0
1978,8.4
1979,8.6
1980,8.8
1981,9.0
1982,10.0
1983,8.6
1984,8.5
1985,9.9
1986,9.7
1987,8.5
1988,10.0
1989,9.7
1990,9.9
1991,10.0
1992,10.0
1993,9.7
1994,8.6
1995,9.3
1996,9.0
1997,8.8
1998,10.0
1999,10.0
2000,9.0
2001,9.0
2002,9.8
2003,9.6
2004,8.8
2005,10.0
2006,10.0
2007,9.8
2008,9.2
2009,8.4
2010,9.0
2011,8.7
2012,8.6
2013,8.1
2014,7.9
2015,10.0
2016,8.8
2017,10.0
2018,9.3
2019,9.1
2020,9.4
2021,8.2
2022,9.1
2023,8.9
2024,9.4
2025,8.5
2026,7.4
2027,7.7
2028,10.0
2029,8.9
2030,8.6
2031,8.9
2032,10.0
2033,8.9
2034,9.3
2035,9.3
2036,9.2
2037,8.1
2038,7.3
2039,8.6
2040,9.1
2041,9.8
2042,8.7
2043,9.1
2044,10.0
2045,9.4
2046,8.8
2047,10.0
2048,9.5
2049,9.6
2050,8.2
2051,8.4
2052,8.4
2053,8.5
2054,10.0
2055,8.4
2056,8.6
2057,10.0
2058,9.3
2059,9.3
2060,10.0
2061,9.1
2062,9.1
2063,8.5
2064,9.6
2065,9.6
2066,9.5
2067,8.8
2068,9.6
2069,10.0
2070,10.0
2071,8.9
2072,8.6
2073,8.7
2074,9.3
2075,10.0
2076,8.1
2077,7.6
2078,8.6
2079,8.8
2080,9.9
2081,9.0
2082,9.5
2083,6.9
2084,7.5
2085,9.0
2086,8.1
2087,7.2
2088,8.7
2089,7.9
2090,10.0
2091,7.0
2092,10.0
2093,9.4
2094,9.1
2095,7.6
2096,10.0
2097,8.2
2098,9.3
2099,10.0
2100,8.4
2101,8.2
2102,9.6
2103,8.7
2104,9.0
2105,9.3
2106,6.8
2107,10.0
2108,8.1
2109,8.6
2110,8.2
2111,9.4
2112,8.6
2113,8.4
2114,8.4
2115,9.7
2116,10.0
2117,8.1
2118,9.6
2119,9.0
2120,8.8
2121,7.7
2122,7.0
2123,8.4
2124,9.4
2125,8.9
2126,8.5
2127,10.0
2128,8.8
2129,8.5
2130,9.4
2131,9.3
2132,7.8
2133,9.1
2134,8.7
2135,8.3
2136,8.1
2137,8.8
2138,7.7
2139,8.8
2140,8.6
2141,9.4
2142,9.8
2143,9.7
2144,9.3
2145,8.3
2146,8.5
2147,10.0
2148,9.0
2149,8.8
2150,8.6
2151,8.6
2152,8.3
2153,9.4
2154,9.5
2155,6.3
2156,9.2
2157,10.0
2158,9.6
2159,9.2
2160,8.4
2161,9.2
2162,8.5
2163,9.4
2164,9.9
2165,6.5
2166,9.2
2167,8.4
2168,7.1
2169,8.7
2170,8.0
2171,8.6
2172,10.0
2173,8.6
2174,10.0
2175,10.0
2176,8.6
2177,8.5
2178,8.8
2179,9.7
2180,9.2
2181,8.9
2182,10.0
2183,9.3
2184,10.0
2185,7.7
2186,8.0
2187,8.8
2188,8.7
2189,9.5
2190,8.9
2191,8.9
2192,8.9
2193,9.5
2194,10.0
2195,8.9
2196,10.0
2197,8.5
2198,8.6
2199,9.2
2200,10.0
2201,7.4
2202,8.8
2203,8.8
2204,9.5
2205,7.7
2206,9.2
2207,9.7
2208,9.4
2209,8.6
2210,8.5
2211,9.4
2212,8.1
2213,8.7
2214,8.6
2215,9.3
2216,9.0
2217,8.8
2218,8.8
2219,9.0
2220,8.7
2221,8.9
2222,9.3
2223,8.1
2224,7.3
2225,9.4
2226,9.4
2227,9.7
2228,8.4
2229,8.9
2230,8.9
2231,8.3
2232,9.1
2233,9.2
2234,10.0
2235,8.6
2236,9.0
2237,8.8
2238,9.5
2239,8.9
2240,9.3
2241,9.2
2242,9.3
2243,9.6
2244,8.5
2245,10.0
2246,8.9
2247,10.0
2248,10.0
2249,8.7
2250,8.7
2251,9.3
2252,7.9
2253,8.3
2254,8.7
2255,8.7
2256,9.0
2257,9.8
2258,7.6
2259,9.6
2260,9.1
2261,9.3
2262,8.4
2263,9.2
2264,9.1
2265,9.4
2266,9.4
2267,9.0
2268,9.1
2269,9.0
2270,8.7
2271,10.0
2272,9.3
2273,8.6
2274,8.3
2275,8.0
2276,8.1
2277,9.3
2278,9.2
2279,9.1
2280,10.0
2281,9.3
2282,10.0
2283,9.0
2284,6.9
2285,8.1
2286,7.2
2287,8.6
2288,10.0
2289,8.1
2290,10.0
2291,9.2
2292,9.4
2293,9.7
2294,9.4
2295,8.6
2296,10.0
2297,8.4
2298,10.0
2299,10.0
2300,7.6
2301,7.5
2302,8.9
2303,9.1
2304,8.4
2305,10.0
2306,8.2
2307,8.7
2308,9.9
2309,9.0
2310,9.5
2311,8.3
2312,9.3
2313,7.4
2314,10.0
2315,9.8
2316,10.0
2317,9.3
2318,9.3
2319,9.1
2320,8.5
2321,7.8
2322,8.0
2323,10.0
2324,9.6
2325,8.1
2326,8.9
2327,7.1
2328,8.0
2329,8.9
2330,8.9
2331,10.0
2332,8.2
2333,10.0
2334,8.8
2335,9.8
2336,8.5
2337,10.0
2338,9.1
2339,10.0
2340,9.7
2341,9.4
2342,8.5
2343,8.5
2344,7.7
2345,9.6
2346,10.0
2347,9.2
2348,8.9
2349,8.9
2350,8.8
2351,9.6
2352,9.3
2353,9.5
2354,8.8
2355,8.6
2356,7.8
2357,8.8
2358,10.0
2359,6.9
2360,8.5
2361,10.0
2362,9.9
2363,9.1
2364,9.2
2365,10.0
2366,9.8
2367,9.6
2368,9.5
2369,9.8
2370,9.3
2371,8.8
2372,8.1
2373,8.2
2374,9.1
2375,7.4
2376,9.6
2377,10.0
2378,10.0
2379,8.5
2380,9.1
2381,10.0
2382,8.8
2383,10.0
2384,9.7
2385,8.4
2386,8.6
2387,9.5
2388,9.3
2389,9.0
2390,9.5
2391,10.0
2392,7.2
2393,9.7
2394,9.1
2395,9.7
2396,9.2
2397,9.3
2398,10.0
2399,9.7
2400,9.1
2401,8.3
2402,9.0
2403,10.0
2404,8.0
2405,9.3
2406,9.6
2407,9.0
2408,9.4
2409,10.0
2410,10.0
2411,8.3
2412,8.4
2413,9.1
2414,9.0
2415,8.1
2416,8.0
2417,8.6
2418,9.4
2419,9.2
2420,8.4
2421,10.0
2422,8.9
2423,8.8
2424,9.1
2425,8.3
2426,9.1
2427,9.6
2428,9.2
2429,9.1
2430,9.8
2431,10.0
2432,10.0
2433,7.7
2434,9.0
2435,8.7
2436,8.8
2437,8.8
2438,8.9
2439,8.1
2440,8.7
2441,9.4
2442,9.7
2443,9.0
2444,10.0
2445,8.8
2446,10.0
2447,9.6
2448,9.0
2449,9.5
2450,7.8
2451,8.8
2452,8.0
2453,8.7
2454,9.9
2455,9.7
2456,9.5
2457,8.0
2458,8.6
2459,8.9
2460,10.0
2461,8.7
2462,10.0
2463,10.0
2464,8.9
2465,10.0
2466,9.0
2467,10.0
2468,9.0
2469,9.2
2470,8.3
2471,9.2
2472,9.0
2473,9.5
2474,8.9
2475,8.7
2476,10.0
2477,8.8
2478,9.1
2479,8.7
2480,9.1
2481,7.5
2482,9.8
2483,7.1
2484,10.0
2485,8.1
2486,8.8
2487,10.0
2488,8.7
2489,8.9
2490,8.7
2491,8.8
2492,9.0
2493,8.5
2494,9.1
2495,8.0
2496,8.4
2497,9.4
2498,9.2
2499,9.5
2500,9.0
2501,9.1
2502,8.0
2503,9.7
2504,9.7
2505,9.1
2506,10.0
2507,8.5
2508,9.6
2509,10.0
2510,9.4
2511,8.3
2512,10.0
2513,9.6
2514,7.9
2515,9.6
2516,8.4
2517,8.8
2518,8.0
2519,9.6
2520,10.0
2521,8.7
2522,8.5
2523,9.3
2524,9.4
2525,8.5
2526,8.8
2527,7.9
2528,9.3
2529,7.8
2530,10.0
2531,8.8
2532,8.5
2533,8.5
2534,9.7
2535,8.5
2536,9.8
2537,9.7
2538,9.6
2539,9.0
2540,9.2
2541,7.9
2542,9.8
2543,10.0
2544,8.7
2545,8.6
2546,8.7
2547,9.4
2548,9.9
2549,8.9
2550,9.3
2551,9.4
2552,9.1
2553,8.9
2554,8.2
2555,7.7
2556,9.0
2557,7.2
2558,9.3
2559,10.0
2560,9.9
2561,8.8
2562,9.4
2563,10.0
2564,9.2
2565,9.6
2566,9.4
2567,9.4
2568,10.0
2569,9.6
2570,9.0
2571,9.1
2572,8.9
2573,8.4
2574,9.1
2575,8.9
2576,9.8
2577,9.2
2578,8.7
2579,9.6
2580,10.0
2581,9.5
2582,8.0
2583,9.0
2584,9.6
2585,9.6
2586,8.8
2587,10.0
2588,8.0
2589,9.0
2590,8.5
2591,8.5
2592,9.5
2593,10.0
2594,7.1
2595,9.4
2596,8.8
2597,10.0
2598,9.5
2599,9.3
2600,8.7
2601,10.0
2602,8.9
2603,9.9
2604,8.3
2605,9.9
2606,8.9
2607,9.0
2608,7.9
2609,9.7
2610,8.5
2611,8.7
2612,9.7
2613,9.3
2614,9.9
2615,9.5
2616,8.9
2617,6.9
2618,8.8
2619,8.5
2620,8.3
2621,8.7
2622,8.2
2623,9.5
2624,8.0
2625,10.0
2626,8.6
2627,9.2
2628,9.4
2629,8.4
2630,8.9
2631,8.8
2632,9.3
2633,8.9
2634,8.9
2635,9.1
2636,9.1
2637,8.5
2638,8.7
2639,8.6
2640,9.9
2641,10.0
2642,9.9
2643,9.9
2644,9.3
2645,8.8
2646,8.9
2647,10.0
2648,7.7
2649,9.6
2650,9.2
2651,8.8
2652,9.9
2653,10.0
2654,9.6
2655,10.0
2656,9.2
2657,9.5
2658,9.8
2659,9.0
2660,9.0
2661,6.8
2662,9.6
2663,10.0
2664,8.9
2665,8.5
2666,9.3
2667,8.9
2668,8.6
2669,10.0
2670,9.1
2671,10.0
2672,9.7
2673,10.0
2674,8.0
2675,8.3
2676,8.7
2677,10.0
2678,8.5
2679,9.7
2680,9.3
2681,9.6
2682,10.0
2683,8.6
2684,9.8
2685,9.3
2686,8.9
2687,8.4
2688,9.2
2689,9.7
2690,9.7
2691,9.1
2692,8.2
2693,9.7
2694,9.2
2695,9.6
2696,7.0
2697,8.8
2698,9.9
2699,7.7
2700,8.8
2701,8.7
2702,9.0
2703,8.6
2704,9.1
2705,9.2
2706,8.8
2707,10.0
2708,7.9
2709,9.0
2710,9.5
2711,9.0
2712,7.2
2713,9.4
2714,9.2
2715,9.2
2716,8.7
2717,9.0
2718,8.4
2719,8.7
2720,9.5
2721,8.7
2722,8.7
2723,9.7
2724,9.5
2725,8.6
2726,9.0
2727,8.6
2728,9.1
2729,9.4
2730,9.4
2731,9.9
2732,9.1
2733,8.2
2734,8.6
2735,10.0
2736,10.0
2737,8.4
2738,8.9
2739,7.2
2740,8.4
2741,9.2
2742,10.0
2743,10.0
2744,10.0
2745,9.1
2746,8.3
2747,10.0
2748,9.1
2749,8.2
2750,8.7
2751,9.0
2752,9.1
2753,8.8
2754,8.8
2755,9.7
2756,10.0
2757,9.8
2758,7.7
2759,8.3
2760,8.5
2761,9.3
2762,9.7
2763,8.1
2764,9.5
2765,9.0
2766,9.0
2767,10.0
2768,10.0
2769,10.0
2770,9.2
2771,10.0
2772,9.3
2773,10.0
2774,8.6
2775,8.3
2776,9.1
2777,9.0
2778,8.8
2779,8.9
2780,8.5
2781,9.7
2782,9.0
2783,9.2
2784,7.8
2785,9.0
2786,9.4
2787,8.3
2788,8.7
2789,10.0
2790,9.2
2791,10.0
2792,9.3
2793,9.2
2794,9.4
2795,10.0
2796,7.0
2797,10.0
2798,8.5
2799,9.7
2800,10.0
2801,9.4
2802,7.5
2803,8.3
2804,9.2
2805,8.9
2806,9.2
2807,9.1
2808,8.2
2809,7.2
2810,8.7
2811,10.0
2812,8.8
2813,8.9
2814,8.7
2815,8.5
2816,10.0
2817,8.1
2818,9.1
2819,10.0
2820,10.0
2821,9.7
2822,6.2
2823,9.8
2824,9.3
2825,10.0
2826,10.0
2827,9.3
2828,9.4
2829,9.4
2830,9.4
2831,9.6
2832,8.5
2833,8.5
2834,10.0
2835,8.5
2836,9.0
2837,9.7
2838,9.2
2839,9.0
2840,9.0
2841,9.9
2842,8.8
2843,8.9
2844,9.2
2845,8.9
2846,9.6
2847,8.5
2848,9.3
2849,8.8
2850,9.4
2851,10.0
2852,10.0
2853,9.8
2854,9.8
2855,10.0
2856,8.9
2857,9.2
2858,9.4
2859,9.8
2860,8.4
2861,10.0
2862,10.0
2863,9.3
2864,8.5
2865,8.8
2866,8.9
2867,8.7
2868,7.5
2869,10.0
2870,9.1
2871,9.3
2872,9.1
2873,7.6
2874,7.6
2875,7.6
2876,9.0
2877,9.2
2878,8.6
2879,9.1
2880,9.8
2881,9.1
2882,8.9
2883,9.4
2884,9.1
2885,9.1
2886,8.6
2887,10.0
2888,8.7
2889,10.0
2890,9.0
2891,9.6
2892,9.9
2893,9.2
2894,8.9
2895,9.7
2896,10.0
2897,10.0
2898,8.8
2899,9.2
2900,9.4
2901,7.8
2902,8.7
2903,10.0
2904,8.5
2905,10.0
2906,10.0
2907,9.5
2908,9.8
2909,10.0
2910,9.4
2911,9.3
2912,10.0
2913,8.0
2914,8.8
2915,10.0
2916,9.8
2917,9.4
2918,8.1
2919,9.7
2920,8.8
2921,9.5
2922,10.0
2923,9.2
2924,9.0
2925,8.9
2926,8.5
2927,9.3
2928,9.4
2929,8.4
2930,10.0
2931,7.1
2932,10.0
2933,8.9
2934,8.9
2935,10.0
2936,8.9
2937,9.5
2938,7.9
2939,8.2
2940,7.7
2941,8.8
2942,10.0
2943,10.0
2944,9.3
2945,8.4
2946,8.6
2947,7.7
2948,9.2
2949,9.2
2950,9.7
2951,7.7
2952,9.6
2953,9.5
2954,8.3
2955,8.9
2956,10.0
2957,7.2
2958,8.5
2959,9.0
2960,8.8
2961,9.0
2962,9.4
2963,8.4
2964,10.0
2965,8.1
2966,9.6
2967,8.7
2968,10.0
2969,7.1
2970,9.0
2971,8.5
2972,10.0
2973,9.7
2974,8.2
2975,9.5
2976,8.6
2977,9.8
2978,10.0
2979,10.0
2980,9.6
2981,10.0
2982,8.2
2983,8.4
2984,10.0
2985,8.6
2986,10.0
2987,6.8
2988,9.3
2989,9.0
2990,6.9
2991,8.9
2992,9.2
2993,9.4
2994,10.0
2995,10.0
2996,9.1
2997,8.8
2998,10.0
2999,9.6
3000,7.2
3001,8.0
3002,8.7
3003,9.6
3004,8.5
3005,9.8
3006,9.4
3007,8.1
3008,8.7
3009,10.0
3010,10.0
3011,9.2
3012,9.0
3013,9.3
3014,10.0
3015,10.0
3016,9.4
3017,9.1
3018,8.9
3019,8.8
3020,10.0
3021,8.1
3022,9.3
3023,9.2
3024,10.0
3025,9.1
3026,9.8
3027,8.4
3028,8.2
3029,10.0
3030,8.7
3031,8.4
3032,5.7
3033,9.7
3034,10.0
3035,8.8
3036,9.6
3037,9.0
3038,8.9
3039,9.2
3040,9.9
3041,10.0
3042,10.0
3043,7.9
3044,8.6
3045,10.0
3046,9.1
3047,9.9
3048,9.2
3049,9.5
3050,9.1
3051,9.5
3052,10.0
3053,9.2
3054,7.6
3055,9.8
3056,9.5
3057,8.0
3058,8.8
3059,9.0
3060,8.2
3061,9.0
3062,8.3
3063,8.6
3064,9.7
3065,9.2
3066,10.0
3067,8.9
3068,8.8
3069,8.5
3070,8.8
3071,8.9
3072,9.3
3073,8.6
3074,9.3
3075,8.6
3076,7.5
3077,9.3
3078,9.4
3079,9.4
3080,8.8
3081,8.9
3082,8.9
3083,9.6
3084,9.1
3085,10.0
3086,8.6
3087,7.5
3088,8.7
3089,9.7
3090,9.0
3091,7.7
3092,8.0
3093,8.4
3094,9.9
3095,9.2
3096,8.6
3097,9.9
3098,9.8
3099,8.7
3100,10.0
3101,8.9
3102,8.8
3103,8.3
3104,7.7
3105,8.0
3106,9.6
3107,9.4
3108,8.5
3109,10.0
3110,9.3
3111,9.5
3112,8.6
3113,9.3
3114,9.3
3115,9.3
3116,9.0
3117,9.2
3118,9.6
3119,10.0
3120,8.1
3121,9.0
3122,9.2
3123,9.5
3124,9.4
3125,9.3
3126,9.0
3127,10.0
3128,8.2
3129,7.8
3130,9.3
3131,9.8
3132,9.6
3133,7.8
3134,8.4
3135,7.3
3136,8.8
3137,10.0
3138,8.8
3139,8.4
3140,9.8
3141,9.2
3142,6.9
3143,8.8
3144,9.2
3145,9.8
3146,8.7
3147,7.9
3148,9.5
3149,9.6
3150,8.1
3151,8.7
3152,9.8
3153,9.6
3154,8.2
3155,10.0
3156,8.8
3157,9.1
3158,8.2
3159,8.9
3160,8.9
3161,10.0
3162,7.4
3163,9.0
3164,9.4
3165,9.0
3166,8.0
3167,10.0
3168,10.0
3169,8.3
3170,9.8
3171,8.9
3172,9.8
3173,8.4
3174,8.9
3175,9.2
3176,10.0
3177,9.8
3178,10.0
3179,8.7
3180,7.7
3181,9.7
3182,8.6
3183,8.6
3184,10.0
3185,10.0
3186,9.2
3187,8.0
3188,10.0
3189,10.0
3190,9.0
3191,8.4
3192,8.4
3193,10.0
3194,9.2
3195,9.6
3196,8.2
3197,6.1
3198,8.3
3199,10.0
3200,8.1
3201,8.7
3202,8.4
3203,9.7
3204,10.0
3205,8.5
3206,6.7
3207,9.8
3208,10.0
3209,8.9
3210,9.2
3211,9.8
3212,8.0
3213,8.2
3214,8.9
3215,9.6
3216,8.5
3217,10.0
3218,8.5
3219,8.4
3220,9.6
3221,8.4
3222,8.8
3223,8.8
3224,10.0
3225,8.3
3226,10.0
3227,8.3
3228,8.6
3229,8.9
3230,8.8
3231,6.7
3232,9.0
3233,9.9
3234,9.5
3235,8.3
3236,9.5
3237,10.0
3238,8.7
3239,8.3
3240,8.0
3241,9.3
3242,8.9
3243,6.8
3244,8.1
3245,7.9
3246,8.4
3247,9.1
3248,9.5
3249,8.3
3250,8.3
3251,8.4
3252,8.8
3253,10.0
3254,8.6
3255,10.0
3256,8.1
3257,8.8
3258,8.6
3259,8.9
3260,9.9
3261,8.8
3262,8.7
3263,9.8
3264,9.0
3265,8.1
3266,9.4
3267,7.8
3268,9.0
3269,10.0
3270,8.5
3271,8.1
3272,8.6
3273,7.7
3274,10.0
3275,9.4
3276,8.5
3277,9.2
3278,8.4
3279,9.5
3280,7.8
3281,8.9
3282,8.5
3283,8.5
3284,9.7
3285,9.4
3286,8.8
3287,9.3
3288,7.2
3289,9.0
3290,8.4
3291,8.6
3292,8.5
3293,10.0
3294,8.2
3295,8.8
3296,10.0
3297,9.0
3298,9.9
3299,8.7
3300,9.2
3301,10.0
3302,9.2
3303,8.6
3304,9.0
3305,10.0
3306,9.2
3307,9.0
3308,9.4
3309,10.0
3310,9.1
3311,8.7
3312,9.7
3313,9.7
3314,8.9
3315,9.0
3316,10.0
3317,8.7
3318,9.2
3319,9.2
3320,8.7
3321,9.6
3322,10.0
3323,9.0
3324,8.9
3325,10.0
3326,7.9
3327,8.4
3328,7.7
3329,9.4
3330,9.7
3331,8.5
3332,6.8
3333,8.9
3334,9.5
3335,9.6
3336,7.9
3337,8.9
3338,9.4
3339,9.3
3340,9.9
3341,8.5
3342,9.9
3343,8.5
3344,10.0
3345,8.2
3346,6.2
3347,9.0
3348,9.5
3349,9.5
3350,6.2
3351,9.2
3352,8.4
3353,10.0
3354,8.1
3355,9.1
3356,9.4
3357,9.7
3358,9.9
3359,8.7
3360,9.0
3361,10.0
3362,8.1
3363,8.7
3364,9.3
3365,10.0
3366,8.2
3367,9.3
3368,8.6
3369,7.8
3370,9.6
3371,9.9
3372,7.8
3373,9.9
3374,9.2
3375,8.9
3376,10.0
3377,9.7
3378,9.0
3379,9.8
3380,8.6
3381,8.6
3382,10.0
3383,10.0
3384,8.5
3385,8.5
3386,8.9
3387,8.4
3388,9.0
3389,9.4
3390,10.0
3391,9.0
3392,9.7
3393,9.6
3394,8.6
3395,8.3
3396,8.8
3397,9.5
3398,10.0
3399,8.6
3400,10.0
3401,8.4
3402,9.9
3403,7.8
3404,8.2
3405,9.4
3406,8.0
3407,7.7
3408,10.0
3409,10.0
3410,9.5
3411,8.0
3412,8.6
3413,9.6
3414,9.7
3415,9.3
3416,9.5
3417,9.6
3418,8.8
3419,7.8
3420,9.5
3421,8.6
3422,9.7
3423,8.5
3424,8.2
3425,8.1
3426,7.8
3427,6.3
3428,10.0
3429,8.6
3430,8.7
3431,9.0
3432,9.9
3433,10.0
3434,9.1
3435,9.5
3436,8.8
3437,9.1
3438,10.0
3439,8.5
3440,8.7
3441,9.2
3442,8.5
3443,9.6
3444,9.4
3445,10.0
3446,7.8
3447,7.7
3448,10.0
3449,8.9
3450,9.4
3451,8.2
3452,10.0
3453,8.3
3454,9.1
3455,10.0
3456,9.5
3457,9.3
3458,10.0
3459,9.4
3460,9.0
3461,9.9
3462,8.3
3463,8.9
3464,8.9
3465,10.0
3466,9.8
3467,10.0
3468,10.0
3469,9.3
3470,9.7
3471,5.6
3472,9.5
3473,9.7
3474,9.4
3475,7.9
3476,8.8
3477,8.8
3478,9.0
3479,9.4
3480,10.0
3481,8.9
3482,9.4
3483,8.9
3484,9.7
3485,7.5
3486,9.2
3487,8.8
3488,7.6
3489,10.0
3490,9.7
3491,7.1
3492,8.9
3493,10.0
3494,9.6
3495,8.2
3496,9.0
3497,9.6
3498,10.0
3499,7.2
3500,9.4
3501,9.4
3502,9.9
3503,9.8
3504,9.1
3505,8.9
3506,9.4
3507,8.6
3508,8.2
3509,9.2
3510,9.6
3511,10.0
3512,8.4
3513,10.0
3514,8.2
3515,7.9
3516,9.4
3517,8.8
3518,10.0
3519,9.5
3520,7.3
3521,9.3
3522,9.8
3523,8.8
3524,9.8
3525,7.2
3526,8.8
3527,8.7
3528,8.4
3529,6.7
3530,10.0
3531,9.8
3532,9.9
3533,8.3
3534,9.3
3535,6.9
3536,9.6
3537,9.2
3538,8.3
3539,10.0
3540,8.4
3541,8.9
3542,8.5
3543,8.7
3544,7.9
3545,8.0
3546,8.9
3547,9.2
3548,10.0
3549,8.2
3550,9.3
3551,8.6
3552,10.0
3553,9.9
3554,9.5
3555,8.5
3556,10.0
3557,10.0
3558,9.5
3559,8.6
3560,9.5
3561,9.3
3562,9.6
3563,8.5
3564,9.5
3565,9.2
3566,9.2
3567,10.0
3568,8.5
3569,8.6
3570,7.9
3571,8.6
3572,8.7
3573,8.2
3574,8.9
3575,8.7
3576,9.4
3577,9.3
3578,8.1
3579,9.3
3580,9.2
3581,8.6
3582,9.5
3583,8.7
3584,8.2
3585,8.7
3586,10.0
3587,8.9
3588,10.0
3589,9.1
3590,10.0
3591,9.9
3592,9.1
3593,10.0
3594,9.6
3595,8.9
3596,8.5
3597,8.9
3598,9.4
3599,8.9
3600,9.5
3601,9.2
3602,8.5
3603,8.6
3604,10.0
3605,9.8
3606,9.3
3607,6.6
3608,9.5
3609,10.0
3610,8.4
3611,9.9
3612,7.6
3613,9.8
3614,9.3
3615,10.0
3616,9.0
3617,8.5
3618,10.0
3619,9.3
3620,10.0
3621,10.0
3622,9.8
3623,8.9
3624,8.7
3625,8.8
3626,10.0
3627,8.9
3628,9.9
3629,8.8
3630,9.0
3631,10.0
3632,10.0
3633,8.3
3634,8.8
3635,9.3
3636,7.6
3637,8.8
3638,9.1
