id,score
1,10.0
2,8.147657
3,9.542051
4,10.0
5,7.0138574
6,10.0
7,9.544905
8,10.0
9,10.0
10,10.0
11,9.564222
12,8.94804
13,8.093615
14,8.209333
15,5.8283353
16,7.5956883
17,10.0
18,9.68326
19,7.370912
20,9.472752
21,9.78961
22,8.079378
23,5.79406
24,8.15539
25,8.437149
26,10.0
27,6.908464
28,10.0
29,7.143637
30,8.361408
31,9.871639
32,10.0
33,9.297831
34,7.678614
35,10.0
36,9.459805
37,10.0
38,7.1429515
39,10.0
40,10.0
41,8.852188
42,8.74897
43,8.469452
44,8.491306
45,10.0
46,9.915125
47,8.27463
48,8.697056
49,9.946276
50,10.0
51,8.503962
52,7.669131
53,8.113905
54,7.9327655
55,6.8803315
56,10.0
57,9.211172
58,9.338709
59,8.907476
60,6.9195886
61,10.0
62,8.753233
63,9.139544
64,10.0
65,9.210775
66,9.025877
67,9.30018
68,10.0
69,7.6624722
70,10.0
71,10.0
72,4.4199557
73,9.902004
74,10.0
75,9.1283455
76,9.31863
77,8.8198185
78,10.0
79,9.495405
80,8.614065
81,7.850863
82,10.0
83,8.999323
84,10.0
85,6.768025
86,9.948793
87,10.0
88,10.0
89,7.1752667
90,10.0
91,10.0
92,9.305553
93,9.1126995
94,8.029091
95,7.5050244
96,3.78653
97,9.512171
98,8.776911
99,8.768677
100,8.810629
101,9.023203
102,10.0
103,8.244513
104,7.7741103
105,8.402105
106,9.208775
107,10.0
108,7.7688375
109,8.152529
110,9.673773
111,7.6410108
112,5.627356
113,10.0
114,10.0
115,10.0
116,10.0
117,10.0
118,9.632536
119,10.0
120,10.0
121,10.0
122,8.342304
123,7.965136
124,9.587797
125,9.441347
126,7.143211
127,7.3536344
128,10.0
129,10.0
130,9.552603
131,10.0
132,7.549437
133,9.217247
134,10.0
135,9.8661
136,8.267801
137,10.0
138,10.0
139,8.998631
140,6.3187203
141,9.601212
142,10.0
143,5.531012
144,8.243525
145,8.277472
146,9.50021
147,9.444851
148,8.221228
149,9.790541
150,7.8479304
151,7.352802
152,9.2789
153,9.253126
154,8.5024605
155,10.0
156,10.0
157,8.453196
158,9.401379
159,9.426563
160,10.0
161,8.972961
162,10.0
163,8.442135
164,10.0
165,9.051294
166,8.536398
167,4.9027257
168,10.0
169,10.0
170,10.0
171,8.467445
172,7.897719
173,8.450232
174,10.0
175,9.191973
176,8.235046
177,7.3836923
178,8.025351
179,8.336582
180,8.978571
181,10.0
182,9.382269
183,9.631664
184,6.37359
185,8.069788
186,9.770533
187,8.643419
188,9.855425
189,7.945761
190,10.0
191,7.890331
192,8.4744
193,7.971501
194,7.463734
195,5.8807874
196,10.0
197,10.0
198,8.725912
199,7.9967446
200,10.0
201,9.469814
202,7.5908227
203,7.990126
204,10.0
205,8.018417
206,10.0
207,10.0
208,8.573568
209,8.972797
210,8.973587
211,7.4321456
212,10.0
213,8.900051
214,8.960648
215,6.2282634
216,8.368526
217,9.117771
218,7.612065
219,9.998865
220,7.7330775
221,8.399977
222,6.3065534
223,8.8781395
224,7.780688
225,8.28863
226,9.045279
227,6.933417
228,10.0
229,9.154346
230,7.4004407
231,5.683554
232,8.4007435
233,10.0
234,6.568766
235,8.901478
236,8.476919
237,8.767345
238,9.928255
239,8.13604
240,8.530485
241,8.824526
242,9.6678505
243,9.2452965
244,9.380516
245,10.0
246,7.763636
247,9.090696
248,10.0
249,10.0
250,9.183859
251,10.0
252,9.238176
253,10.0
254,7.2972207
255,10.0
256,5.7029634
257,8.731182
258,8.428038
259,9.126213
260,4.3066278
261,10.0
262,9.689058
263,9.671753
264,9.778301
265,7.98613
266,8.721863
267,7.6190763
268,6.3810363
269,7.014748
270,6.3333488
271,8.161026
272,8.261755
273,10.0
274,7.24997
275,10.0
276,8.507963
277,9.2189045
278,10.0
279,7.36665
280,10.0
281,9.035671
282,6.8347707
283,9.791187
284,9.986784
285,10.0
286,6.6458993
287,10.0
288,7.1465087
289,10.0
290,10.0
291,7.7863793
292,10.0
293,7.3079343
294,10.0
295,9.829184
296,9.177597
297,5.6120496
298,9.053133
299,8.049957
300,7.2038064
301,10.0
302,8.981207
303,10.0
304,7.9785886
305,8.815935
306,10.0
307,8.24827
308,8.548248
309,10.0
310,9.291021
311,7.3235507
312,9.717861
313,9.958595
314,9.416849
315,9.533525
316,10.0
317,9.498274
318,9.4667
319,9.748037
320,9.443916
321,6.677422
322,10.0
323,9.621641
324,8.236067
325,9.969006
326,9.13826
327,8.513081
328,9.859768
329,9.27751
330,5.699181
331,8.4910145
332,10.0
333,9.8081665
334,7.6566777
335,10.0
336,9.012482
337,10.0
338,10.0
339,8.29072
340,10.0
341,10.0
342,7.772966
343,8.985117
344,9.291006
345,7.0448403
346,6.912704
347,7.2762036
348,9.326397
349,10.0
350,10.0
351,10.0
352,7.1011987
353,6.285972
354,8.495264
355,10.0
356,8.618614
357,7.9983926
358,8.12557
359,10.0
360,9.460941
361,5.201451
362,9.608068
363,4.0078635
364,8.130075
365,5.7325425
366,10.0
367,10.0
368,10.0
369,8.773729
370,10.0
371,8.593916
372,8.242483
373,9.249596
374,7.3146825
375,10.0
376,6.6849256
377,10.0
378,10.0
379,7.3786874
380,8.0521965
381,9.020981
382,7.630337
383,9.970444
384,9.050341
385,9.010426
386,10.0
387,9.48181
388,7.1683335
389,10.0
390,8.233919
391,7.8411317
392,8.704672
393,8.731251
394,9.153158
395,9.583176
396,10.0
397,8.449406
398,7.9303575
399,7.809504
400,9.478626
401,7.796
402,8.65061
403,10.0
404,10.0
405,7.0590596
406,7.6938787
407,10.0
408,8.510765
409,8.013824
410,8.712839
411,7.183638
412,10.0
413,7.7482
414,8.443893
415,5.5710225
416,10.0
417,9.057758
418,9.258074
419,7.7513146
420,10.0
421,8.974289
422,8.972897
423,6.326287
424,7.194855
425,10.0
426,6.695085
427,9.517426
428,10.0
429,10.0
430,8.602467
431,7.0853734
432,7.780638
433,10.0
434,9.101273
435,8.834509
436,8.223198
437,10.0
438,10.0
439,10.0
440,7.2805467
441,7.0117097
442,7.3925605
443,10.0
444,10.0
445,6.132273
446,8.663164
447,10.0
448,9.57309
449,9.704193
450,7.2811837
451,10.0
452,7.662972
453,8.402266
454,8.088495
455,9.046024
456,9.681948
457,7.6742435
458,6.695167
459,7.958492
460,9.2330475
461,8.297609
462,7.743486
463,8.195646
464,5.7245603
465,9.80583
466,8.985907
467,8.152714
468,7.314317
469,10.0
470,9.206404
471,9.263502
472,10.0
473,6.3852983
474,10.0
475,7.8006215
476,6.6727815
477,6.7681813
478,10.0
479,7.5281434
480,8.074501
481,10.0
482,10.0
483,7.61031
484,9.945528
485,10.0
486,7.945761
487,8.110645
488,10.0
489,10.0
490,10.0
491,9.601261
492,7.1777864
493,8.393795
494,10.0
495,9.850933
496,9.670662
497,10.0
498,10.0
499,9.119877
500,9.565134
501,9.957174
502,8.992014
503,7.9269395
504,6.571382
505,7.3667426
506,10.0
507,7.868855
508,7.7238708
509,8.225096
510,6.9900994
511,9.363279
512,9.853857
513,8.711449
514,8.993107
515,9.423819
516,8.561901
517,7.8406854
518,8.948397
519,9.958807
520,9.362165
521,6.2657
522,9.1799965
523,8.609495
524,10.0
525,9.162647
526,7.583716
527,8.564007
528,8.974268
529,10.0
530,9.56321
531,10.0
532,8.76037
533,10.0
534,6.686564
535,7.9491525
536,8.776215
537,8.399855
538,6.95554
539,7.587521
540,9.825163
541,7.447129
542,7.556813
543,10.0
544,9.294697
545,7.7042413
546,9.412483
547,7.702727
548,8.872784
549,8.835878
550,6.3394036
551,10.0
552,7.7531247
553,9.987589
554,5.5878367
555,6.5588098
556,7.8988023
557,10.0
558,9.036547
559,9.479593
560,10.0
561,10.0
562,7.6263623
563,8.957129
564,10.0
565,4.1289735
566,7.0387597
567,9.474756
568,7.6959157
569,10.0
570,7.4337487
571,7.385012
572,7.4105287
573,9.35449
574,8.9746475
575,8.094973
576,10.0
577,7.4016614
578,8.584478
579,5.253246
580,5.429114
581,5.888331
582,9.8052025
583,9.734917
584,9.138794
585,9.418732
586,10.0
587,8.255882
588,7.7466626
589,8.029316
590,9.691999
591,5.3000655
592,10.0
593,9.192482
594,10.0
595,7.183085
596,8.840441
597,9.898922
598,9.935045
599,8.494499
600,8.2660675
601,8.965084
602,4.310492
603,8.3085
604,10.0
605,9.39077
606,10.0
607,9.0221
608,10.0
609,10.0
610,10.0
611,9.795866
612,10.0
613,9.912172
614,9.157677
615,9.445196
616,8.146933
617,8.707642
618,7.064219
619,8.030863
620,7.3861156
621,8.823648
622,7.278031
623,6.1589217
624,9.022648
625,9.1658325
626,8.452267
627,8.8540325
628,8.83293
629,10.0
630,8.792273
631,6.5040936
632,6.067308
633,8.018305
634,8.26499
635,6.6170936
636,10.0
637,10.0
638,10.0
639,8.778252
640,4.7854533
641,8.187767
642,9.211708
643,7.2777123
644,9.524717
645,8.240208
646,8.572294
647,6.8159184
648,8.25901
649,5.306128
650,9.039728
651,8.417574
652,8.686274
653,8.398321
654,9.683619
655,10.0
656,8.931414
657,6.362086
658,7.851993
659,9.713388
660,8.92193
661,10.0
662,8.94179
663,8.717754
664,10.0
665,10.0
666,10.0
667,10.0
668,7.3424344
669,8.61842
670,8.901009
671,9.388781
672,7.836987
673,8.684011
674,8.330744
675,8.115076
676,10.0
677,6.2992835
678,8.536623
679,6.798537
680,7.464132
681,10.0
682,7.8069386
683,7.7550244
684,6.044081
685,9.226011
686,7.36587
687,7.363608
688,8.6395645
689,9.6032295
690,9.606926
691,10.0
692,7.4619412
693,7.520457
694,8.399023
695,8.497572
696,8.765772
697,8.626902
698,9.512863
699,10.0
700,8.431328
701,7.622748
702,8.004011
703,10.0
704,10.0
705,9.21241
706,8.889736
707,9.484131
708,9.4495125
709,7.012511
710,8.698296
711,10.0
712,10.0
713,7.5846734
714,8.157621
715,10.0
716,9.49037
717,9.529715
718,9.269217
719,8.850754
720,9.26259
721,9.203268
722,9.517298
723,9.802998
724,8.642452
725,9.055336
726,10.0
727,8.992321
728,7.556935
729,9.915201
730,7.629578
731,9.010834
732,7.717026
733,9.665195
734,9.717756
735,9.847124
736,4.995279
737,8.812864
738,10.0
739,10.0
740,9.347136
741,7.13685
742,8.693508
743,10.0
744,6.9460616
745,8.643766
746,10.0
747,8.921743
748,7.8225207
749,7.484816
750,9.430283
751,10.0
752,7.7554297
753,9.925564
754,7.1105714
755,6.8855605
756,9.463772
757,8.759716
758,10.0
759,10.0
760,9.726673
761,9.686407
762,9.305756
763,9.602003
764,10.0
765,7.484431
766,9.24678
767,9.245235
768,8.755079
769,7.902909
770,9.65564
771,8.775064
772,9.021379
773,8.075159
774,8.615046
775,7.800225
776,5.582214
777,7.5752606
778,7.6050973
779,10.0
780,10.0
781,10.0
782,8.343414
783,7.678736
784,9.373758
785,10.0
786,10.0
787,8.445339
788,9.992851
789,9.617369
790,10.0
791,10.0
792,9.002754
793,10.0
794,10.0
795,9.115253
796,10.0
797,8.764433
798,8.693924
799,7.789332
800,10.0
801,9.338095
802,7.1861825
803,10.0
804,9.8367
805,7.583861
806,10.0
807,7.9732985
808,7.7404428
809,8.2965355
810,10.0
811,8.108807
812,7.896362
813,6.0367703
814,10.0
815,5.3963437
816,6.1598325
817,7.2970014
818,6.3574185
819,7.3717475
820,7.564074
821,8.618504
822,8.879578
823,8.749363
824,9.314262
825,9.946295
826,10.0
827,6.163817
828,7.7028794
829,10.0
830,9.750053
831,9.725506
832,10.0
833,10.0
834,9.807302
835,4.7558646
836,7.4259686
837,8.866373
838,9.375891
839,10.0
840,8.313707
841,7.9835134
842,10.0
843,5.9908414
844,10.0
845,8.238291
846,9.854879
847,9.004456
848,9.982147
849,9.9921
850,8.839392
851,10.0
852,10.0
853,9.981398
854,9.596891
855,5.890206
856,8.449263
857,9.176306
858,10.0
859,9.860096
860,9.561493
861,10.0
862,9.342926
863,10.0
864,7.7833962
865,9.815882
866,7.3890195
867,10.0
868,8.195715
869,10.0
870,9.220093
871,10.0
872,6.5240293
873,9.272411
874,7.3543153
875,9.123301
876,10.0
877,5.650027
878,9.089081
879,7.3757167
880,10.0
881,8.735956
882,6.310509
883,10.0
884,7.7596574
885,7.9141545
886,9.137455
887,8.298098
888,6.3255143
889,10.0
890,6.8839107
891,6.447909
892,8.125172
893,8.8821945
894,9.3055
895,10.0
896,7.3351665
897,7.9881654
898,6.5381036
899,9.129908
900,8.891809
901,9.297277
902,10.0
903,8.045555
904,7.5158143
905,5.251305
906,10.0
907,7.90511
908,7.9839416
909,9.732222
910,7.7790875
911,7.6161304
912,7.224218
913,7.0522504
914,6.9622884
915,10.0
916,10.0
917,9.386847
918,7.9149785
919,10.0
920,9.93928
921,7.330032
922,7.5644927
923,7.4018235
924,10.0
925,7.3221164
926,8.522354
927,7.37077
928,9.794962
929,8.567476
930,8.283747
931,9.011126
932,8.900007
933,8.6432
934,7.741381
935,3.7384048
936,5.4680448
937,9.501789
938,7.2522635
939,10.0
940,10.0
941,10.0
942,8.131624
943,10.0
944,8.337072
945,10.0
946,9.80394
947,9.465532
948,9.68886
949,6.3745046
950,10.0
951,8.660467
952,9.239798
953,9.037348
954,6.3471665
955,10.0
956,8.509125
957,10.0
958,10.0
959,9.589788
960,10.0
961,8.795008
962,7.7574105
963,8.459642
964,8.965557
965,10.0
966,8.755779
967,10.0
968,10.0
969,8.88306
970,9.054827
971,5.9578443
972,8.905539
973,9.921286
974,9.625984
975,8.849049
976,7.1320586
977,10.0
978,9.519644
979,9.145611
980,5.52445
981,8.864338
982,8.507816
983,8.926271
984,7.8297935
985,4.9553924
986,7.5421424
987,7.4186406
988,9.849848
989,9.838785
990,7.9933076
991,9.881304
992,7.9777045
993,8.63949
994,10.0
995,9.327763
996,9.637222
997,10.0
998,6.4865355
999,9.400244
1000,10.0
1001,9.416801
1002,9.795042
1003,8.18609
1004,10.0
1005,9.076792
1006,9.447897
1007,10.0
1008,10.0
1009,9.385258
1010,9.491455
1011,7.6259465
1012,9.019157
1013,9.951555
1014,8.002481
1015,8.831856
1016,9.771652
1017,6.016187
1018,5.7883325
1019,9.143917
1020,9.674318
1021,10.0
1022,8.840385
1023,9.674503
1024,8.525038
1025,10.0
1026,10.0
1027,9.762917
1028,10.0
1029,8.264185
1030,10.0
1031,10.0
1032,10.0
1033,10.0
1034,7.3484397
1035,8.927824
1036,7.358889
1037,6.299586
1038,9.540766
1039,7.621054
1040,9.66053
1041,10.0
1042,9.071751
1043,7.4285436
1044,6.069608
1045,7.542459
1046,9.7777
1047,10.0
1048,6.839474
1049,7.46843
1050,7.7994657
1051,8.789135
1052,6.1556973
1053,10.0
1054,5.692181
1055,8.693964
1056,7.891518
1057,9.272833
1058,8.586187
1059,8.980785
1060,8.363411
1061,9.580164
1062,10.0
1063,10.0
1064,6.3444657
1065,10.0
1066,6.413179
1067,7.830832
1068,10.0
1069,10.0
1070,8.841953
1071,8.372528
1072,10.0
1073,10.0
1074,7.62942
1075,9.565191
1076,8.045738
1077,8.6417675
1078,8.790625
1079,10.0
1080,6.0496316
1081,9.730886
1082,5.667608
1083,8.30724
1084,9.416407
1085,9.769617
1086,8.679308
1087,9.895899
1088,9.741562
1089,7.2755437
1090,10.0
1091,10.0
1092,10.0
1093,8.654173
1094,9.947508
1095,9.96018
1096,8.814964
1097,10.0
1098,10.0
1099,9.06613
1100,10.0
1101,9.493296
1102,10.0
1103,8.226118
1104,10.0
1105,10.0
1106,5.7502427
1107,10.0
1108,8.536434
1109,9.510736
1110,9.197342
1111,10.0
1112,9.843676
1113,9.230648
1114,7.427756
1115,9.242809
1116,7.5520015
1117,7.0609374
1118,9.506121
1119,7.990916
1120,9.610603
1121,6.8482823
1122,10.0
1123,6.1302896
1124,8.606312
1125,10.0
1126,8.619669
1127,8.566637
1128,9.624374
1129,10.0
1130,6.4100776
1131,10.0
1132,10.0
1133,10.0
1134,10.0
1135,8.8935585
1136,9.930655
1137,7.3618817
1138,9.809259
1139,5.9161944
1140,10.0
1141,6.6916356
1142,8.363302
1143,10.0
1144,5.5504813
1145,8.7008915
1146,7.558209
1147,8.771492
1148,9.393452
1149,8.78504
1150,10.0
1151,7.4119077
1152,10.0
1153,10.0
1154,8.142136
1155,7.6671853
1156,9.159937
1157,9.815983
1158,7.2693467
1159,8.736486
1160,8.829664
1161,9.438206
1162,10.0
1163,9.650515
1164,9.927902
1165,6.5242467
1166,10.0
1167,10.0
1168,9.663605
1169,7.5420613
1170,7.2735047
1171,7.7054677
1172,8.623306
1173,9.027624
1174,8.785957
1175,6.897572
1176,9.024403
1177,9.281067
1178,7.7546945
1179,9.066074
1180,9.39171
1181,10.0
1182,6.2644067
1183,8.175524
1184,7.402107
1185,10.0
1186,10.0
1187,10.0
1188,8.221376
1189,10.0
1190,8.862473
1191,9.980133
1192,8.959509
1193,8.620953
1194,9.278528
1195,9.479544
1196,10.0
1197,8.976145
1198,10.0
1199,9.999556
1200,7.389775
1201,6.2767224
1202,8.066406
1203,10.0
1204,10.0
1205,10.0
1206,10.0
1207,7.0235047
1208,9.40275
1209,8.7422905
1210,10.0
1211,7.117316
1212,8.730942
1213,10.0
1214,10.0
1215,7.2969975
1216,10.0
1217,8.813824
1218,7.1117425
1219,7.3341737
1220,10.0
1221,8.482969
1222,9.104326
1223,9.411636
1224,5.8022914
1225,7.729468
1226,7.1414456
1227,6.2808137
1228,7.6913867
1229,6.2875733
1230,6.655584
1231,9.704926
1232,10.0
1233,10.0
1234,9.697992
1235,9.0253315
1236,10.0
1237,9.4310875
1238,6.634916
1239,7.271601
1240,9.801773
1241,10.0
1242,9.358034
1243,5.248381
1244,10.0
1245,8.580118
1246,10.0
1247,7.670444
1248,10.0
1249,8.122248
1250,7.020098
1251,9.647905
1252,9.583324
1253,9.789955
1254,10.0
1255,9.222464
1256,7.0607495
1257,5.2144065
1258,8.056326
1259,4.5810103
1260,6.6807218
1261,8.380068
1262,5.6255174
1263,5.509566
1264,8.410427
1265,10.0
1266,9.193369
1267,8.015903
1268,8.760273
1269,9.025328
1270,9.296684
1271,9.413778
1272,9.364529
1273,7.9844327
1274,6.7176576
1275,7.888224
1276,10.0
1277,8.471752
1278,6.0515695
1279,8.3291
1280,8.882685
1281,7.0372663
1282,9.001255
1283,10.0
1284,9.339874
1285,8.891588
1286,8.93004
1287,10.0
1288,8.446165
1289,7.1689076
1290,9.326233
1291,6.0112214
1292,4.7571454
1293,7.277346
1294,8.103117
1295,8.960497
1296,9.412731
1297,10.0
1298,9.544268
1299,10.0
1300,8.320871
1301,9.036985
1302,9.840433
1303,10.0
1304,9.629677
1305,10.0
1306,6.4873624
1307,10.0
1308,7.6241784
1309,5.5328803
1310,10.0
1311,10.0
1312,10.0
1313,10.0
1314,10.0
1315,10.0
1316,10.0
1317,6.8445935
1318,10.0
1319,9.048674
1320,10.0
1321,8.689388
1322,8.63217
1323,7.672869
1324,8.64114
1325,8.727726
1326,8.6094265
1327,8.371952
1328,9.143576
1329,9.606886
1330,6.4093556
1331,9.029871
1332,9.909626
1333,8.540323
1334,6.2154813
1335,7.594093
1336,9.571135
1337,10.0
1338,8.443651
1339,8.101263
1340,8.612692
1341,10.0
1342,5.796951
1343,7.4117246
1344,8.445396
1345,9.06782
1346,9.60685
1347,9.4135475
1348,8.113169
1349,6.2814736
1350,6.152022
1351,10.0
1352,10.0
1353,6.231131
1354,9.775261
1355,7.743324
1356,9.30966
1357,8.472773
1358,7.4968114
1359,8.790825
1360,10.0
1361,9.089922
1362,10.0
1363,8.137602
1364,7.37036
1365,10.0
1366,9.696186
1367,9.864504
1368,9.7052765
1369,9.167484
1370,7.743253
1371,7.4816794
1372,5.9345155
1373,8.706673
1374,10.0
1375,10.0
1376,10.0
1377,10.0
1378,8.834776
1379,9.021109
1380,8.912333
1381,7.3826003
1382,8.049957
1383,5.159139
1384,9.46097
1385,8.757586
1386,10.0
1387,10.0
1388,9.347246
1389,10.0
1390,8.689636
1391,8.660141
1392,5.6334567
1393,10.0
1394,8.489254
1395,7.7741847
1396,9.776493
1397,8.013172
1398,9.395782
1399,10.0
1400,8.2704315
1401,10.0
1402,8.25465
1403,8.748003
1404,8.540838
1405,10.0
1406,7.76232
1407,5.6090646
1408,8.548597
1409,10.0
1410,8.793627
1411,10.0
1412,7.712683
1413,10.0
1414,10.0
1415,6.892858
1416,9.957193
1417,9.799997
1418,10.0
1419,10.0
1420,7.7015023
1421,10.0
1422,8.653158
1423,9.038795
1424,10.0
1425,9.018183
1426,9.009298
1427,8.076155
1428,7.621121
1429,6.568234
1430,7.903008
1431,10.0
1432,10.0
1433,7.387812
1434,10.0
1435,8.08041
1436,9.377348
1437,5.3342957
1438,9.031494
1439,10.0
1440,6.8138127
1441,6.438788
1442,10.0
1443,10.0
1444,7.5241227
1445,8.954172
1446,8.0604515
1447,10.0
1448,5.664387
1449,8.280691
1450,7.945397
1451,8.955162
1452,10.0
1453,10.0
1454,9.484196
1455,8.501137
1456,10.0
1457,7.208985
1458,9.056042
1459,8.576988
1460,7.457518
1461,7.7958293
1462,10.0
1463,6.0599275
1464,9.136082
1465,10.0
1466,8.77313
1467,7.4575086
1468,7.7320704
1469,9.003349
1470,9.486036
1471,7.43028
1472,6.6120515
1473,9.693846
1474,7.764218
1475,9.792782
1476,8.859304
1477,8.338823
1478,8.309731
1479,4.959378
1480,7.158524
1481,10.0
1482,9.729824
1483,6.595803
1484,6.9061074
1485,9.913658
1486,9.050055
1487,5.9330487
1488,9.985802
1489,10.0
1490,8.557806
1491,5.819986
1492,8.505434
1493,6.626303
1494,10.0
1495,9.077749
1496,7.4056687
1497,10.0
1498,10.0
1499,7.6565423
1500,9.689112
1501,7.7925878
1502,9.363232
1503,7.6111627
1504,10.0
1505,8.985565
1506,9.704548
1507,9.503975
1508,7.4186673
1509,10.0
1510,7.0501504
1511,8.294153
1512,9.41
1513,9.766842
1514,8.770485
1515,10.0
1516,10.0
1517,9.293541
1518,10.0
1519,8.25938
1520,9.349663
1521,8.439526
1522,8.966923
1523,9.394865
1524,9.314423
1525,10.0
1526,6.1684785
1527,9.253096
1528,9.892921
1529,7.431832
1530,10.0
1531,10.0
1532,6.6746507
1533,7.6954465
1534,9.556002
1535,10.0
1536,10.0
1537,8.165741
1538,8.875362
1539,9.094004
1540,10.0
1541,7.9082103
1542,7.9980683
1543,8.334581
1544,7.0808396
1545,9.2582245
1546,7.790274
1547,9.83898
1548,8.224611
1549,9.349894
1550,9.354273
1551,7.6731763
1552,8.766508
1553,10.0
1554,8.06562
1555,8.097412
1556,8.075222
1557,9.542454
1558,9.899097
1559,8.458633
1560,8.135288
1561,6.0315766
1562,5.8694005
1563,7.5972676
1564,8.378708
1565,8.57513
1566,6.488663
1567,8.832363
1568,8.811312
1569,7.494431
1570,10.0
1571,8.636591
1572,9.0343895
1573,7.0494084
1574,10.0
1575,7.9179816
1576,9.7974205
1577,8.943207
1578,8.865595
1579,9.235041
1580,8.09745
1581,8.70109
1582,10.0
1583,8.680292
1584,8.386955
1585,9.3046
1586,7.681792
1587,10.0
1588,10.0
1589,8.007742
1590,8.763889
1591,10.0
1592,10.0
1593,9.464552
1594,8.146971
1595,8.794876
1596,10.0
1597,9.06362
1598,8.669853
1599,8.120386
1600,9.537956
1601,8.205267
1602,10.0
1603,9.28282
1604,9.451653
1605,8.0229435
1606,9.140203
1607,7.629579
1608,9.099743
1609,8.24868
1610,9.9445095
1611,9.085667
1612,9.607353
1613,7.4908433
1614,7.44607
1615,10.0
1616,8.583391
1617,8.652731
1618,8.526886
1619,9.060995
1620,9.935505
1621,9.057493
1622,9.689608
1623,8.778072
1624,9.652798
1625,7.07532
1626,10.0
1627,7.9723716
1628,9.151133
1629,6.3242517
1630,7.5582423
1631,9.406729
1632,7.890348
1633,9.613668
1634,6.2383122
1635,8.447792
1636,7.9225984
1637,7.3915334
1638,9.736639
1639,9.277161
1640,10.0
1641,9.715107
1642,7.450663
1643,10.0
1644,9.305824
1645,9.239414
1646,6.4165196
1647,10.0
1648,10.0
1649,8.367399
1650,6.2516503
1651,7.6317344
1652,8.062044
1653,9.122583
1654,9.111439
1655,7.95826
1656,10.0
1657,10.0
1658,6.1633477
1659,10.0
1660,9.1956215
1661,8.161371
1662,9.206226
1663,10.0
1664,10.0
1665,5.2914853
1666,9.534479
1667,10.0
1668,7.223142
1669,8.994616
1670,8.155869
1671,8.45566
1672,9.111433
1673,9.269337
1674,9.851007
1675,8.879396
1676,8.959993
1677,8.678221
1678,8.163769
1679,9.991861
1680,8.653568
1681,9.04159
1682,8.7248745
1683,5.0432267
1684,7.4275174
1685,7.713777
1686,7.4703813
1687,7.6896577
1688,7.3137994
1689,6.310017
1690,8.875362
1691,10.0
1692,9.078735
1693,5.6039395
1694,9.836742
1695,7.636331
1696,8.40456
1697,8.814541
1698,10.0
1699,7.4285464
1700,10.0
1701,9.213131
1702,10.0
1703,9.973612
1704,7.6605515
1705,7.986668
1706,7.7994056
1707,9.602877
1708,10.0
1709,10.0
1710,6.873565
1711,9.346058
1712,8.452185
1713,7.75063
1714,10.0
1715,10.0
1716,7.856623
1717,9.358154
1718,9.968983
1719,10.0
1720,7.7001195
1721,8.884968
1722,9.780931
1723,10.0
1724,9.0916
1725,10.0
1726,9.447163
1727,8.7242985
1728,8.790325
1729,10.0
1730,7.7805066
1731,9.949404
1732,9.953777
1733,6.412685
1734,10.0
1735,10.0
1736,10.0
1737,8.247673
1738,10.0
1739,8.818563
1740,8.822294
1741,9.066046
1742,10.0
1743,8.01918
1744,5.3805203
1745,8.618952
1746,6.054465
1747,9.865133
1748,8.724924
1749,9.243021
1750,10.0
1751,5.2700944
1752,9.320789
1753,7.1976237
1754,9.276091
1755,8.571655
1756,7.795729
1757,9.303228
1758,9.256802
1759,10.0
1760,7.669603
1761,8.8158245
1762,8.784712
1763,9.25985
1764,9.652077
1765,10.0
1766,10.0
1767,8.7117
1768,10.0
1769,10.0
1770,8.4581375
1771,7.4686933
1772,10.0
1773,9.635763
1774,9.734543
1775,10.0
1776,8.450916
1777,8.818541
1778,7.280932
1779,7.7071643
1780,8.637093
1781,10.0
1782,8.550743
1783,10.0
1784,8.215466
1785,8.572382
1786,7.814408
1787,9.008554
1788,7.1736445
1789,8.634165
1790,8.934397
1791,6.953299
1792,6.9974284
1793,9.626169
1794,9.929123
1795,6.6197305
1796,10.0
1797,10.0
1798,7.9533124
1799,7.9681106
1800,10.0
1801,9.400791
1802,9.678808
1803,7.2921224
1804,10.0
1805,10.0
1806,7.450524
1807,8.253834
1808,8.463554
1809,10.0
1810,10.0
1811,9.30423
1812,6.818249
1813,7.247475
1814,10.0
1815,5.926411
1816,8.8827305
1817,6.1763005
1818,10.0
1819,10.0
1820,8.964182
1821,9.262655
1822,8.706671
1823,8.546392
1824,10.0
1825,9.115513
1826,9.73424
1827,9.281187
1828,10.0
1829,10.0
1830,8.496094
1831,5.9344087
1832,9.033394
1833,7.3897996
1834,10.0
1835,10.0
1836,9.192938
1837,5.826382
1838,10.0
1839,8.211561
1840,10.0
1841,9.114027
1842,10.0
1843,9.588858
1844,7.9619155
1845,9.365843
1846,7.6569943
1847,8.835712
1848,10.0
1849,10.0
1850,8.621363
1851,7.9318624
1852,9.265337
1853,8.192213
1854,8.6087475
1855,8.630129
1856,8.008518
1857,9.914862
1858,6.8543715
1859,8.113476
1860,7.484057
1861,8.774828
1862,7.2285028
1863,10.0
1864,7.5617547
1865,10.0
1866,9.926256
1867,9.966059
1868,9.607389
1869,10.0
1870,7.047173
1871,10.0
1872,6.437862
1873,10.0
1874,8.374067
1875,10.0
1876,10.0
1877,10.0
1878,9.180721
1879,10.0
1880,9.625763
1881,6.5061564
1882,10.0
1883,9.213781
1884,10.0
1885,8.559643
1886,7.247373
1887,8.178719
1888,9.250425
1889,8.845091
1890,7.515654
1891,10.0
1892,8.634989
1893,6.894366
1894,6.013142
1895,9.674503
1896,7.821901
1897,8.633781
1898,10.0
1899,10.0
1900,9.339304
1901,8.666067
1902,7.9786325
1903,8.448967
1904,9.132141
1905,9.590843
1906,8.493017
1907,4.2175765
1908,9.225767
1909,9.531111
1910,5.967273
1911,9.966564
1912,7.043816
1913,8.109076
1914,10.0
1915,9.805462
1916,9.484278
1917,6.4432244
1918,8.520922
1919,8.040842
1920,7.076101
1921,9.896696
1922,10.0
1923,9.003469
1924,10.0
1925,8.008673
1926,7.40927
1927,6.445746
1928,10.0
1929,9.8550415
1930,9.10256
1931,8.766794
1932,5.1610084
1933,10.0
1934,8.950302
1935,8.557196
1936,5.507995
1937,10.0
1938,9.5716915
1939,10.0
1940,6.7733035
1941,10.0
1942,7.646458
1943,9.321236
1944,9.291876
1945,8.538403
1946,10.0
1947,10.0
1948,8.55722
1949,8.747231
1950,10.0
1951,9.888329
1952,7.2553563
1953,10.0
1954,9.062727
1955,7.860495
1956,6.2281156
1957,8.694088
1958,7.6914124
1959,9.801083
1960,10.0
1961,6.922772
1962,8.445074
1963,8.036259
1964,7.7479863
1965,9.552189
1966,7.130078
1967,10.0
1968,8.19269
1969,7.458202
1970,9.625618
1971,7.7038836
1972,8.856499
1973,9.753128
1974,9.377317
1975,10.0
1976,9.636845
1977,10.0
1978,9.2204895
1979,5.598227
1980,6.527307
1981,6.7278447
1982,9.8005905
1983,10.0
1984,9.876747
1985,9.302685
1986,8.975054
1987,6.732943
1988,10.0
1989,8.870003
1990,10.0
1991,10.0
1992,9.586378
1993,8.564796
1994,9.384768
1995,8.877096
1996,6.667891
1997,9.75083
1998,9.313089
1999,10.0
2000,9.045807
2001,8.776934
2002,7.817206
2003,8.713547
2004,10.0
2005,8.90254
2006,10.0
2007,9.671331
2008,10.0
2009,9.145405
2010,8.653624
2011,6.9878926
2012,10.0
2013,9.674164
2014,7.3142514
2015,9.458168
2016,9.397573
2017,9.106464
2018,9.647137
2019,8.026094
2020,7.2002378
2021,9.981628
2022,9.01074
2023,7.6744933
2024,6.8128076
2025,8.9744625
2026,9.924356
2027,7.016374
2028,10.0
2029,8.905365
2030,7.970857
2031,8.608997
2032,9.489544
2033,9.811575
2034,9.41663
2035,9.353266
2036,9.518566
2037,8.105465
2038,8.46142
2039,8.61347
2040,10.0
2041,10.0
2042,8.45072
2043,7.7013288
2044,8.898472
2045,4.947924
2046,10.0
2047,8.802237
2048,9.853979
2049,10.0
2050,7.3472447
2051,8.005821
2052,8.95476
2053,7.303847
2054,9.347336
2055,7.614592
2056,8.468094
2057,9.4344425
2058,9.712084
2059,9.644529
2060,6.1743913
2061,8.85931
2062,9.491133
2063,6.8408704
2064,10.0
2065,8.248264
2066,10.0
2067,10.0
2068,10.0
2069,10.0
2070,8.042925
2071,9.217325
2072,9.070982
2073,10.0
2074,6.155688
2075,5.792916
2076,9.528107
2077,9.893112
2078,7.3835015
2079,7.3718476
2080,10.0
2081,10.0
2082,8.586359
2083,9.650492
2084,8.842825
2085,10.0
2086,8.09877
2087,5.4274793
2088,7.98778
2089,6.966636
2090,8.760477
2091,10.0
2092,8.559572
2093,6.055054
2094,9.19751
2095,8.14879
2096,9.224909
2097,8.977911
2098,10.0
2099,9.897732
2100,6.4478574
2101,9.104666
2102,9.548716
2103,7.1206784
2104,7.6122746
2105,8.168783
2106,9.2913475
2107,9.44574
2108,8.73201
2109,7.7535443
2110,8.520388
2111,10.0
2112,10.0
2113,8.585247
2114,7.843432
2115,9.394152
2116,9.140684
2117,10.0
2118,10.0
2119,8.395908
2120,8.570112
2121,10.0
2122,7.363606
2123,7.7084966
2124,7.820432
2125,10.0
2126,8.845322
2127,10.0
2128,7.029679
2129,6.9681334
2130,9.468107
2131,8.330999
2132,9.62491
2133,7.698872
2134,8.75946
2135,8.116997
2136,6.672728
2137,6.787274
2138,7.4827046
2139,8.043432
2140,5.7684655
2141,9.578461
2142,8.831778
2143,5.622503
2144,10.0
2145,6.8284745
2146,10.0
2147,10.0
2148,7.8346086
2149,8.010708
2150,7.410275
2151,8.939772
2152,10.0
2153,8.908245
2154,10.0
2155,7.608229
2156,8.968735
2157,8.399887
2158,9.8503895
2159,8.403978
2160,10.0
2161,10.0
2162,10.0
2163,8.461517
2164,8.207716
2165,5.375838
2166,10.0
2167,7.525021
2168,7.0812383
2169,8.881672
2170,4.5055423
2171,8.171446
2172,7.335837
2173,6.667458
2174,8.863558
2175,9.378347
2176,10.0
2177,8.670454
2178,6.702621
2179,7.4799743
2180,9.651407
2181,8.534716
2182,9.325336
2183,9.600885
2184,9.621948
2185,10.0
2186,8.224607
2187,8.178535
2188,10.0
2189,10.0
2190,8.013556
2191,7.347119
2192,10.0
2193,10.0
2194,10.0
2195,8.051765
2196,10.0
2197,8.77947
2198,10.0
2199,7.719189
2200,10.0
2201,8.007568
2202,8.722849
2203,7.207352
2204,7.2462335
2205,7.019036
2206,8.534531
2207,9.246611
2208,6.7603536
2209,10.0
2210,8.297609
2211,10.0
2212,10.0
2213,7.062468
2214,6.1611485
2215,8.4689045
2216,8.570332
2217,7.4926715
2218,9.988361
2219,6.7207656
2220,7.6441236
2221,7.7421784
2222,9.0963955
2223,10.0
2224,9.345036
2225,8.733383
2226,8.826485
2227,10.0
2228,8.164217
2229,9.339815
2230,6.1877713
2231,5.5607896
2232,7.31309
2233,9.285519
2234,9.018669
2235,9.01413
2236,6.6934934
2237,6.539643
2238,9.128504
2239,6.550195
2240,9.199341
2241,10.0
2242,5.6803584
2243,8.833437
2244,8.497894
2245,10.0
2246,7.93063
2247,7.6993756
2248,9.39945
2249,5.162727
2250,7.538139
2251,10.0
2252,10.0
2253,9.4380455
2254,8.115414
2255,9.956472
2256,7.383105
2257,8.6038
2258,10.0
2259,9.439934
2260,10.0
2261,10.0
2262,8.93609
2263,10.0
2264,9.861488
2265,8.094616
2266,4.476126
2267,7.2569337
2268,8.032219
2269,8.803146
2270,6.9766707
2271,7.466848
2272,10.0
2273,9.456888
2274,7.145395
2275,9.522734
2276,9.170807
2277,10.0
2278,10.0
2279,6.8699746
2280,10.0
2281,5.9511952
2282,8.495571
2283,7.942559
2284,10.0
2285,10.0
2286,6.6127906
2287,8.950745
2288,10.0
2289,5.1550145
2290,8.471298
2291,10.0
2292,8.053823
2293,7.9713187
2294,9.170902
2295,9.845026
2296,10.0
2297,8.407366
2298,10.0
2299,8.852734
2300,7.762425
2301,8.551416
2302,9.555986
2303,9.040527
2304,6.57276
2305,9.030989
2306,6.7793508
2307,8.867725
2308,9.526552
2309,7.8769956
2310,10.0
2311,10.0
2312,8.179071
2313,9.635633
2314,9.222067
2315,8.999273
2316,9.537498
2317,7.815642
2318,10.0
2319,9.406317
2320,7.955501
2321,10.0
2322,7.913199
2323,7.98148
2324,10.0
2325,10.0
2326,6.3090787
2327,7.8261504
2328,9.600031
2329,10.0
2330,8.663733
2331,9.001015
2332,7.2405305
2333,10.0
2334,10.0
2335,7.6298738
2336,6.178371
2337,8.588398
2338,6.0287585
2339,9.279781
2340,8.329138
2341,8.168434
2342,9.565947
2343,9.625935
2344,10.0
2345,10.0
2346,10.0
2347,10.0
2348,7.134127
2349,9.327776
2350,9.616236
2351,10.0
2352,7.8585668
2353,8.317455
2354,9.172092
2355,7.6884704
2356,8.3424225
2357,7.1699967
2358,9.500866
2359,9.602972
2360,7.1912007
2361,10.0
2362,6.283259
2363,10.0
2364,6.6108823
2365,9.633337
2366,9.658993
2367,10.0
2368,10.0
2369,8.33065
2370,9.90526
2371,10.0
2372,9.67338
2373,6.232652
2374,8.573505
2375,5.634995
2376,6.7352757
2377,8.569162
2378,9.639946
2379,6.2770047
2380,9.693377
2381,8.903757
2382,10.0
2383,8.917368
2384,10.0
2385,7.344872
2386,10.0
2387,9.41596
2388,8.723972
2389,8.971325
2390,9.763155
2391,9.003185
2392,8.9398575
2393,9.443804
2394,6.323563
2395,8.677101
2396,9.089415
2397,10.0
2398,10.0
2399,9.279676
2400,9.222353
2401,7.968386
2402,10.0
2403,9.0187
2404,7.650583
2405,6.615955
2406,8.968199
2407,8.034384
2408,8.457693
2409,7.9207845
2410,8.340488
2411,10.0
2412,10.0
2413,7.3896832
2414,9.989988
2415,10.0
2416,9.561712
2417,9.003855
2418,9.863911
2419,9.262894
2420,8.414989
2421,9.159321
2422,10.0
2423,9.904152
2424,7.8789697
2425,10.0
2426,7.6084504
2427,9.924608
2428,5.8847947
2429,9.78714
2430,10.0
2431,9.292147
2432,10.0
2433,8.343464
2434,10.0
2435,10.0
2436,4.8947854
2437,9.60965
2438,10.0
2439,8.894888
2440,8.196344
2441,8.314516
2442,5.9126506
2443,8.254919
2444,9.546207
2445,9.7977295
2446,10.0
2447,5.52916
2448,8.217863
2449,9.910435
2450,10.0
2451,8.186714
2452,7.5292926
2453,9.993912
2454,6.6664176
2455,8.97163
2456,10.0
2457,10.0
2458,8.756197
2459,7.7612977
2460,9.560036
2461,7.667191
2462,8.606926
2463,9.299583
2464,10.0
2465,8.691992
2466,8.679857
2467,7.529225
2468,10.0
2469,10.0
2470,7.001571
2471,8.794947
2472,7.967097
2473,9.441359
2474,10.0
2475,6.296863
2476,8.284937
2477,7.496921
2478,10.0
2479,7.6584277
2480,10.0
2481,6.3119855
2482,9.055939
2483,9.574583
2484,8.583311
2485,9.374447
2486,9.654884
2487,9.621786
2488,7.043717
2489,9.514175
2490,7.699082
2491,10.0
2492,8.330248
2493,6.6926255
2494,8.569742
2495,7.0894094
2496,7.5798364
2497,8.914358
2498,10.0
2499,7.9709
2500,10.0
2501,6.2674747
2502,7.6711183
2503,7.513861
2504,10.0
2505,9.911743
2506,8.970276
2507,7.197495
2508,9.539988
2509,10.0
2510,6.2006574
2511,7.6447883
2512,7.9090943
2513,7.203711
2514,9.03302
2515,7.109339
2516,9.612013
2517,7.940576
2518,7.279634
2519,7.586783
2520,9.17878
2521,8.162018
2522,9.929249
2523,10.0
2524,9.352394
2525,10.0
2526,9.696274
2527,9.967276
2528,7.3143334
2529,6.8577085
2530,8.6234
2531,6.171593
2532,8.979488
2533,10.0
2534,9.034908
2535,7.1260505
2536,7.092524
2537,9.624821
2538,9.131756
2539,7.408051
2540,10.0
2541,9.98591
2542,8.190109
2543,10.0
2544,6.8558326
2545,7.271378
2546,10.0
2547,10.0
2548,9.550333
2549,10.0
2550,8.666777
2551,9.5314045
2552,8.788401
2553,9.865206
2554,9.051592
2555,6.476996
2556,7.3508716
2557,10.0
2558,10.0
2559,7.6846375
2560,9.065769
2561,7.8343196
2562,7.470755
2563,10.0
2564,9.846689
2565,10.0
2566,8.857183
2567,10.0
2568,10.0
2569,8.273483
2570,6.090895
2571,8.547512
2572,9.958368
2573,10.0
2574,6.358442
2575,9.944019
2576,8.810518
2577,5.143439
2578,9.96394
2579,9.225466
2580,9.868378
2581,9.279608
2582,9.914467
2583,9.950796
2584,9.962812
2585,9.488792
2586,10.0
2587,8.5094185
2588,10.0
2589,9.050995
2590,9.451466
2591,10.0
2592,9.408997
2593,10.0
2594,9.564171
2595,7.0182996
2596,7.715424
2597,8.447016
2598,8.816025
2599,9.497133
2600,7.6331353
2601,9.615574
2602,8.905697
2603,8.471321
2604,10.0
2605,8.879383
2606,10.0
2607,10.0
2608,7.834679
2609,10.0
2610,9.761732
2611,7.880593
2612,10.0
2613,9.324526
2614,8.678404
2615,7.895516
2616,6.4052625
2617,6.1949153
2618,8.210869
2619,8.122686
2620,7.122683
2621,6.662583
2622,7.25421
2623,9.185028
2624,7.8465123
2625,10.0
2626,7.946097
2627,6.661344
2628,10.0
2629,7.627892
2630,7.969609
2631,9.412886
2632,8.735912
2633,8.667599
2634,10.0
2635,10.0
2636,9.150181
2637,10.0
2638,7.0110803
2639,10.0
2640,10.0
2641,6.26098
2642,9.83391
2643,9.287262
2644,6.897597
2645,7.8221993
2646,7.3292966
2647,7.540754
2648,10.0
2649,10.0
2650,7.9614615
2651,10.0
2652,10.0
2653,8.720369
2654,9.848162
2655,9.166452
2656,10.0
2657,10.0
2658,9.5154
2659,8.008308
2660,7.9755034
2661,5.063847
2662,7.8863893
2663,9.105202
2664,10.0
2665,7.9566903
2666,10.0
2667,8.997499
2668,5.755713
2669,8.828421
2670,8.764769
2671,9.804977
2672,8.18396
2673,10.0
2674,8.9851
2675,9.7042465
2676,7.7071652
2677,7.426495
2678,10.0
2679,7.2823853
2680,8.852837
2681,8.449528
2682,10.0
2683,9.372814
2684,10.0
2685,7.831632
2686,7.3733954
2687,9.964315
2688,7.8079247
2689,9.474773
2690,7.3470016
2691,9.925123
2692,9.990881
2693,10.0
2694,8.144344
2695,8.37985
2696,7.3615813
2697,10.0
2698,8.208616
2699,8.585459
2700,10.0
2701,8.207712
2702,8.422155
2703,10.0
2704,7.5205426
2705,9.706789
2706,4.7050424
2707,8.690151
2708,6.558027
2709,8.356455
2710,9.35919
2711,8.994566
2712,7.841519
2713,8.214827
2714,9.044271
2715,8.98238
2716,9.823996
2717,8.760294
2718,6.960654
2719,10.0
2720,9.722097
2721,7.8803763
2722,8.738573
2723,9.899044
2724,9.370264
2725,10.0
2726,8.459938
2727,10.0
2728,9.421652
2729,8.817242
2730,9.257099
2731,9.910027
2732,10.0
2733,7.2501235
2734,10.0
2735,8.151995
2736,10.0
2737,10.0
2738,9.33087
2739,8.654457
2740,8.680828
2741,9.197247
2742,8.029314
2743,8.243912
2744,9.64596
2745,8.344511
2746,9.879896
2747,6.779988
2748,6.9486804
2749,6.7818246
2750,7.6630483
2751,9.954908
2752,9.542788
2753,9.665466
2754,8.015127
2755,8.2458725
2756,9.245035
2757,10.0
2758,8.881529
2759,8.965147
2760,9.849991
2761,9.591845
2762,8.04084
2763,8.637365
2764,7.3983903
2765,7.7507253
2766,7.503697
2767,10.0
2768,8.127682
2769,10.0
2770,8.006746
2771,9.553593
2772,10.0
2773,8.5266
2774,6.884722
2775,9.284691
2776,8.282854
2777,8.242525
2778,10.0
2779,6.9378057
2780,7.704079
2781,9.986496
2782,8.58202
2783,6.6780057
2784,9.218323
2785,10.0
2786,10.0
2787,10.0
2788,10.0
2789,8.822212
2790,10.0
2791,9.994442
2792,10.0
2793,9.316921
2794,7.54818
2795,9.99054
2796,8.102028
2797,10.0
2798,8.594511
2799,9.444338
2800,6.2263265
2801,10.0
2802,9.396845
2803,8.564104
2804,10.0
2805,9.561928
2806,6.7125945
2807,10.0
2808,7.2416825
2809,8.545748
2810,8.187115
2811,8.836704
2812,7.7318406
2813,9.129314
2814,10.0
2815,10.0
2816,9.959137
2817,7.3409925
2818,9.930937
2819,10.0
2820,8.221342
2821,8.465027
2822,7.469604
2823,9.676594
2824,7.1751227
2825,10.0
2826,9.832415
2827,10.0
2828,9.991461
2829,10.0
2830,10.0
2831,10.0
2832,6.173389
2833,7.908754
2834,8.955
2835,6.9636207
2836,9.405926
2837,8.824059
2838,9.798559
2839,9.937397
2840,10.0
2841,8.217064
2842,10.0
2843,8.817665
2844,8.926098
2845,8.202238
2846,7.052695
2847,7.8495526
2848,7.7145123
2849,10.0
2850,8.792725
2851,7.7416186
2852,10.0
2853,6.4027686
2854,9.399597
2855,7.6415057
2856,5.041365
2857,8.372515
2858,9.576353
2859,10.0
2860,7.362037
2861,9.926321
2862,8.803167
2863,9.745277
2864,9.380594
2865,9.639648
2866,9.0059185
2867,8.58987
2868,7.7058682
2869,10.0
2870,7.929005
2871,9.015512
2872,10.0
2873,9.132881
2874,5.4950013
2875,7.901301
2876,8.517618
2877,10.0
2878,9.32802
2879,7.889275
2880,8.86627
2881,8.942345
2882,10.0
2883,9.068462
2884,6.363176
2885,8.114895
2886,9.323391
2887,10.0
2888,10.0
2889,10.0
2890,6.6254115
2891,10.0
2892,7.065785
2893,8.329559
2894,10.0
2895,8.003313
2896,8.86828
2897,10.0
2898,6.8148313
2899,7.962353
2900,8.797781
2901,9.052883
2902,8.080633
2903,8.000401
2904,8.034882
2905,9.269627
2906,10.0
2907,9.967049
2908,6.892859
2909,9.323238
2910,10.0
2911,8.58536
2912,8.246489
2913,9.941656
2914,9.805071
2915,10.0
2916,8.76103
2917,9.129173
2918,8.909157
2919,10.0
2920,10.0
2921,8.591537
2922,10.0
2923,6.7060323
2924,6.6038423
2925,8.388769
2926,8.857708
2927,7.6189065
2928,8.790638
2929,8.99563
2930,10.0
2931,9.848631
2932,7.003968
2933,10.0
2934,9.776018
2935,8.746622
2936,8.166813
2937,8.603077
2938,9.990723
2939,8.054787
2940,10.0
2941,6.2817397
2942,10.0
2943,7.58184
2944,6.548881
2945,8.65992
2946,6.5989766
2947,7.261478
2948,8.80158
2949,7.3204484
2950,8.589155
2951,9.614677
2952,8.800837
2953,9.905962
2954,6.8538423
2955,9.920805
2956,9.02191
2957,7.4270463
2958,6.653668
2959,9.246426
2960,7.4895587
2961,8.800039
2962,6.94463
2963,7.7888064
2964,9.501804
2965,9.2714
2966,10.0
2967,8.613302
2968,8.530663
2969,5.168595
2970,10.0
2971,7.755095
2972,10.0
2973,9.207844
2974,10.0
2975,9.614729
2976,9.68261
2977,7.183455
2978,7.597304
2979,10.0
2980,10.0
2981,10.0
2982,8.9232025
2983,8.9623375
2984,7.648682
2985,7.4133782
2986,8.354647
2987,6.9785705
2988,6.6148734
2989,7.0761895
2990,8.24345
2991,10.0
2992,10.0
2993,6.6448865
2994,8.856174
2995,10.0
2996,9.098125
2997,10.0
2998,10.0
2999,8.290966
3000,10.0
3001,9.357866
3002,8.810402
3003,10.0
3004,10.0
3005,10.0
3006,10.0
3007,6.84211
3008,8.011097
3009,10.0
3010,8.099781
3011,6.9955363
3012,7.881313
3013,6.5666766
3014,9.307161
3015,10.0
3016,7.4198823
3017,7.889254
3018,10.0
3019,7.988478
3020,9.526829
3021,9.795877
3022,10.0
3023,9.188438
3024,10.0
3025,10.0
3026,9.984274
3027,10.0
3028,8.049753
3029,6.7812705
3030,10.0
3031,7.5451875
3032,6.0966535
3033,10.0
3034,10.0
3035,9.909451
3036,10.0
3037,9.114973
3038,8.4895935
3039,7.619387
3040,9.402739
3041,8.163847
3042,7.385816
3043,7.949469
3044,8.568789
3045,7.8151326
3046,10.0
3047,7.579557
3048,10.0
3049,10.0
3050,7.58779
3051,9.055084
3052,8.441257
3053,7.5788884
3054,8.312021
3055,9.705748
3056,8.901869
3057,10.0
3058,8.130676
3059,9.2620945
3060,9.072395
3061,8.469694
3062,10.0
3063,7.830727
3064,9.283081
3065,9.434929
3066,5.4462247
3067,9.627167
3068,6.929806
3069,5.982743
3070,9.3123455
3071,9.060564
3072,8.432802
3073,9.471745
3074,10.0
3075,8.869131
3076,9.181318
3077,7.7476335
3078,10.0
3079,10.0
3080,10.0
3081,9.941721
3082,7.01417
3083,10.0
3084,9.203308
3085,10.0
3086,7.4529004
3087,6.550884
3088,7.100867
3089,10.0
3090,8.790211
3091,10.0
3092,10.0
3093,7.226007
3094,10.0
3095,9.052525
3096,9.289846
3097,6.6827407
3098,5.6966414
3099,7.920589
3100,8.346174
3101,10.0
3102,9.43891
3103,7.311646
3104,9.275341
3105,8.565533
3106,7.5647893
3107,9.783531
3108,7.452538
3109,10.0
3110,7.193259
3111,10.0
3112,7.733505
3113,9.109814
3114,8.739813
3115,9.510035
3116,8.729097
3117,10.0
3118,9.427519
3119,10.0
3120,7.0524373
3121,7.6884522
3122,7.3982673
3123,8.039932
3124,8.779514
3125,9.713676
3126,9.338726
3127,8.731329
3128,9.240171
3129,4.212622
3130,7.843926
3131,8.748671
3132,10.0
3133,8.756832
3134,6.4526296
3135,7.0403275
3136,6.916672
3137,7.959742
3138,7.657664
3139,10.0
3140,10.0
3141,8.7053585
3142,8.451124
3143,9.594522
3144,8.999882
3145,10.0
3146,9.191242
3147,6.3909526
3148,8.279131
3149,7.132338
3150,8.024933
3151,6.329371
3152,9.672468
3153,8.1643715
3154,3.5472388
3155,9.71734
3156,10.0
3157,7.986839
3158,6.89794
3159,10.0
3160,8.602047
3161,10.0
3162,10.0
3163,8.167919
3164,10.0
3165,5.773659
3166,5.978379
3167,9.315672
3168,10.0
3169,10.0
3170,9.356785
3171,9.636448
3172,8.400515
3173,7.4875255
3174,8.948135
3175,7.9081044
3176,7.721681
3177,7.619205
3178,8.695623
3179,9.618074
3180,10.0
3181,8.747965
3182,9.925634
3183,10.0
3184,7.4283223
3185,7.642571
3186,7.657704
3187,9.866945
3188,8.700092
3189,6.3892703
3190,7.35996
3191,7.2837853
3192,8.111452
3193,9.369335
3194,9.184927
3195,9.287006
3196,8.040522
3197,6.6365237
3198,7.8578935
3199,7.709439
3200,9.098652
3201,8.596052
3202,9.300821
3203,9.284946
3204,10.0
3205,9.2800045
3206,7.1518846
3207,8.802397
3208,8.536476
3209,7.766769
3210,10.0
3211,9.982676
3212,7.279634
3213,8.042374
3214,8.965973
3215,8.830687
3216,8.629049
3217,10.0
3218,9.407595
3219,7.450276
3220,8.040627
3221,8.024094
3222,9.083469
3223,9.961554
3224,8.683939
3225,9.541344
3226,8.420343
3227,8.315292
3228,9.8270645
3229,9.331385
3230,9.790663
3231,10.0
3232,6.940636
3233,8.921288
3234,10.0
3235,10.0
3236,9.108343
3237,10.0
3238,9.216307
3239,9.541203
3240,8.761089
3241,8.4188595
3242,7.9335923
3243,6.2741914
3244,7.637278
3245,7.4408746
3246,8.195503
3247,8.556643
3248,10.0
3249,5.0016065
3250,8.602694
3251,9.353191
3252,7.9561563
3253,7.391435
3254,7.7468257
3255,10.0
3256,8.523415
3257,10.0
3258,8.722126
3259,8.060606
3260,10.0
3261,10.0
3262,9.73794
3263,10.0
3264,8.419336
3265,7.335893
3266,6.905379
3267,9.094557
3268,9.740692
3269,10.0
3270,9.617224
3271,6.4511847
3272,10.0
3273,9.686159
3274,10.0
3275,8.536863
3276,8.860008
3277,8.282785
3278,10.0
3279,8.394251
3280,8.450245
3281,10.0
3282,9.08057
3283,10.0
3284,9.400162
3285,7.762057
3286,8.857779
3287,8.66007
3288,8.51227
3289,9.99687
3290,9.964315
3291,8.130131
3292,6.0942016
3293,8.596903
3294,8.431446
3295,9.391338
3296,8.759935
3297,9.487032
3298,6.1738563
3299,9.36932
3300,9.142345
3301,10.0
3302,8.566532
3303,8.906797
3304,10.0
3305,10.0
3306,5.65103
3307,6.4640164
3308,8.124865
3309,8.611765
3310,7.519176
3311,6.856711
3312,9.177017
3313,7.456116
3314,7.6347136
3315,10.0
3316,10.0
3317,10.0
3318,10.0
3319,8.267097
3320,10.0
3321,9.941383
3322,10.0
3323,6.8718314
3324,9.669128
3325,10.0
3326,9.847073
3327,9.432329
3328,9.240923
3329,9.079643
3330,10.0
3331,9.328444
3332,6.597873
3333,6.375073
3334,9.533749
3335,8.079674
3336,10.0
3337,8.052265
3338,9.524006
3339,10.0
3340,7.8335605
3341,9.865896
3342,9.850946
3343,7.3762345
3344,7.6750464
3345,7.030524
3346,7.8527684
3347,10.0
3348,10.0
3349,10.0
3350,7.2477384
3351,8.957424
3352,8.420212
3353,7.14047
3354,10.0
3355,10.0
3356,10.0
3357,10.0
3358,7.918677
3359,9.639618
3360,8.289024
3361,7.9986634
3362,8.611162
3363,8.735434
3364,10.0
3365,8.183992
3366,7.542275
3367,9.7399845
3368,7.917934
3369,10.0
3370,8.15155
3371,8.023211
3372,9.444019
3373,8.603706
3374,8.640692
3375,10.0
3376,8.99115
3377,10.0
3378,10.0
3379,7.823899
3380,8.044668
3381,8.464687
3382,8.85248
3383,9.756601
3384,8.530722
3385,8.74711
3386,10.0
3387,7.6036515
3388,6.7940297
3389,8.176344
3390,9.5065975
3391,7.8228116
3392,10.0
3393,9.053133
3394,9.885563
3395,9.553825
3396,8.783751
3397,8.211151
3398,10.0
3399,10.0
3400,10.0
3401,8.863424
3402,7.709391
3403,7.9886985
3404,7.8009067
3405,10.0
3406,9.428328
3407,7.3881984
3408,9.820379
3409,9.319639
3410,9.26466
3411,8.908064
3412,6.603102
3413,7.046926
3414,8.41523
3415,8.388014
3416,6.897572
3417,10.0
3418,6.546822
3419,9.14711
3420,9.310841
3421,8.440456
3422,5.1943803
3423,6.947767
3424,7.7227407
3425,10.0
3426,8.520842
3427,7.9934535
3428,9.534479
3429,7.9836793
3430,7.185431
3431,7.5488763
3432,10.0
3433,10.0
3434,10.0
3435,10.0
3436,10.0
3437,10.0
3438,9.949841
3439,10.0
3440,10.0
3441,9.6777115
3442,9.241741
3443,9.213198
3444,7.0190415
3445,9.70237
3446,6.047749
3447,5.175427
3448,10.0
3449,9.155037
3450,7.0740724
3451,8.335844
3452,9.619946
3453,9.150816
3454,7.316893
3455,10.0
3456,9.088629
3457,7.589152
3458,10.0
3459,8.395372
3460,8.226257
3461,8.080936
3462,8.099621
3463,8.633415
3464,9.629604
3465,10.0
3466,9.062222
3467,10.0
3468,9.581028
3469,9.225086
3470,10.0
3471,5.91293
3472,10.0
3473,7.1787515
3474,7.70563
3475,8.369114
3476,9.682526
3477,6.059138
3478,9.504496
3479,9.020065
3480,10.0
3481,7.089852
3482,7.142854
3483,10.0
3484,8.133465
3485,7.382035
3486,7.3180785
3487,8.985983
3488,9.665195
3489,10.0
3490,8.547396
3491,6.8015647
3492,8.924698
3493,10.0
3494,9.459358
3495,9.669426
3496,6.923548
3497,8.674486
3498,9.6326885
3499,8.78595
3500,9.433754
3501,9.798878
3502,10.0
3503,9.673334
3504,10.0
3505,8.261473
3506,9.826298
3507,9.047321
3508,8.023684
3509,10.0
3510,8.17539
3511,10.0
3512,10.0
3513,8.857477
3514,8.721586
3515,10.0
3516,7.642244
3517,9.939901
3518,8.149405
3519,7.933129
3520,9.692318
3521,9.064692
3522,9.549963
3523,8.820845
3524,7.517758
3525,7.1992307
3526,9.939901
3527,9.952684
3528,7.236796
3529,6.9976773
3530,10.0
3531,7.502972
3532,9.41411
3533,9.298788
3534,9.921886
3535,9.190363
3536,10.0
3537,9.525167
3538,10.0
3539,10.0
3540,9.464928
3541,8.868711
3542,8.392954
3543,8.598047
3544,9.10354
3545,9.461346
3546,9.833679
3547,8.927181
3548,7.5857615
3549,10.0
3550,8.974831
3551,10.0
3552,8.058613
3553,8.221159
3554,7.2744317
3555,9.574575
3556,9.572205
3557,9.630749
3558,9.308262
3559,8.938423
3560,7.784657
3561,8.529631
3562,10.0
3563,8.802757
3564,10.0
3565,8.087784
3566,9.993301
3567,9.540493
3568,8.056358
3569,6.8470597
3570,7.541489
3571,8.813015
3572,8.656628
3573,8.4732
3574,9.333855
3575,8.113905
3576,10.0
3577,8.272734
3578,10.0
3579,6.757376
3580,10.0
3581,9.055429
3582,10.0
3583,9.719973
3584,9.394302
3585,9.137577
3586,9.172739
3587,8.397648
3588,9.877455
3589,9.8395
3590,7.5385213
3591,10.0
3592,7.39605
3593,10.0
3594,7.565348
3595,7.8615108
3596,8.913729
3597,6.1068444
3598,6.622729
3599,7.008595
3600,10.0
3601,8.541855
3602,8.854248
3603,10.0
3604,9.270054
3605,10.0
3606,9.0182
3607,5.252897
3608,6.397469
3609,8.399485
3610,10.0
3611,10.0
3612,8.421291
3613,10.0
3614,8.779816
3615,10.0
3616,10.0
3617,7.189119
3618,9.680246
3619,9.354353
3620,9.41844
3621,10.0
3622,6.3043303
3623,8.5268345
3624,10.0
3625,9.731718
3626,8.026623
3627,8.412945
3628,10.0
3629,9.087439
3630,10.0
3631,8.823599
3632,10.0
3633,6.635924
3634,7.485973
3635,8.396217
3636,10.0
3637,8.426014
3638,7.626099
